nct_id,country
NCT03438708,United States
NCT03101995,Mexico
NCT03018418,United States
NCT03944434,Italy
NCT03315754,United States
NCT02799706,Belgium
NCT02799706,Denmark
NCT02799706,France
NCT02799706,Germany
NCT02799706,Italy
NCT02799706,Spain
NCT02799706,Switzerland
NCT02799706,United Kingdom
NCT03147287,United States
NCT03744390,France
NCT03150914,United States
NCT02778685,United States
NCT07209878,China
NCT06482086,China
NCT04594798,United States
NCT04598009,United States
NCT03637816,United States
NCT04061980,United States
NCT04257578,United States
NCT00496522,United States
NCT02131584,United States
NCT04890522,China
NCT05144100,India
NCT03900637,South Korea
NCT05187338,China
NCT04159818,Netherlands
NCT03421288,Germany
NCT03421288,Switzerland
NCT04159142,China
NCT04680260,Denmark
NCT03919240,China
NCT04568616,United States
NCT01375114,United States
NCT02689440,United States
NCT00489307,United States
NCT03214562,United States
NCT03922724,United States
NCT04249154,Canada
NCT00092222,United States
NCT01628029,United States
NCT03386617,Hong Kong
NCT02782949,Honduras
NCT02782949,Puerto Rico
NCT00494182,United States
NCT04989725,Canada
NCT03850418,United States
NCT04764942,United States
NCT03950609,United States
NCT03467516,United States
NCT02339922,United States
NCT04871607,United States
NCT00756639,United States
NCT05901974,China
NCT05150652,United States
NCT04680442,Brazil
NCT04680442,Canada
NCT04680442,Russia
NCT04572763,United States
NCT04558684,China
NCT02117297,United States
NCT03392246,United States
NCT02221310,United States
NCT00980395,United States
NCT02167711,Hong Kong
NCT00082017,United States
NCT02905318,Canada
NCT01202409,United States
NCT01941654,Hong Kong
NCT00003485,United States
NCT00167219,United States
NCT04253483,United States
NCT02762266,Japan
NCT02762266,United States
NCT00080535,United States
NCT00003495,United States
NCT03469674,Austria
NCT03469674,Belgium
NCT03469674,Czechia
NCT03469674,France
NCT03469674,Germany
NCT03469674,Ireland
NCT03469674,Netherlands
NCT03469674,Switzerland
NCT05955391,China
NCT03915184,Canada
NCT03915184,United States
NCT06836128,Egypt
NCT06497543,China
NCT05336786,Netherlands
NCT05336786,United States
NCT05827796,China
NCT05722288,United States
NCT05147844,China
NCT06130579,China
NCT05555888,China
NCT06300424,China
NCT03839342,Canada
NCT04745559,United States
NCT00878254,United States
NCT02262325,United States
NCT04668885,United States
NCT06653517,China
NCT02481635,Canada
NCT01837862,United States
NCT02878473,Canada
NCT04513717,Canada
NCT04513717,United States
NCT03488693,Canada
NCT03488693,United States
NCT04821778,China
NCT05255653,Canada
NCT05255653,France
NCT05255653,Netherlands
NCT05255653,United Kingdom
NCT03459820,Canada
NCT04460352,Canada
NCT04460352,Ireland
NCT04460352,Norway
NCT04460352,Sweden
NCT04460352,Taiwan
NCT03075696,Australia
NCT03075696,Belgium
NCT03075696,Canada
NCT03075696,Czechia
NCT03075696,Denmark
NCT03075696,Finland
NCT03075696,France
NCT03075696,Italy
NCT03075696,New Zealand
NCT03075696,Poland
NCT03075696,Spain
NCT03075696,Taiwan
NCT03075696,United States
NCT04246684,Germany
NCT04224493,Australia
NCT04224493,Belgium
NCT04224493,Brazil
NCT04224493,Canada
NCT04224493,China
NCT04224493,France
NCT04224493,Germany
NCT04224493,Hungary
NCT04224493,Italy
NCT04224493,Poland
NCT04224493,Singapore
NCT04224493,South Korea
NCT04224493,Spain
NCT04224493,Taiwan
NCT04224493,Turkey (Türkiye)
NCT04224493,United Kingdom
NCT04224493,United States
NCT02568267,Australia
NCT02568267,Belgium
NCT02568267,China
NCT02568267,France
NCT02568267,Germany
NCT02568267,Hong Kong
NCT02568267,Italy
NCT02568267,Japan
NCT02568267,Netherlands
NCT02568267,Poland
NCT02568267,Singapore
NCT02568267,South Korea
NCT02568267,Spain
NCT02568267,Taiwan
NCT02568267,United Kingdom
NCT02568267,United States
NCT04165070,Hungary
NCT04165070,Israel
NCT04165070,Italy
NCT04165070,Poland
NCT04165070,South Korea
NCT04165070,Spain
NCT04165070,Taiwan
NCT04165070,Ukraine
NCT04165070,United States
NCT01119066,United States
NCT02138734,India
NCT02138734,South Africa
NCT02138734,United States
NCT03485209,Canada
NCT03485209,France
NCT03485209,Germany
NCT03485209,Italy
NCT03485209,Spain
NCT03485209,United Kingdom
NCT03485209,United States
NCT05496166,China
NCT04136886,China
NCT04008797,Canada
NCT04008797,China
NCT04008797,Denmark
NCT04008797,France
NCT04008797,Italy
NCT04008797,Japan
NCT04008797,South Korea
NCT04008797,Spain
NCT04008797,Taiwan
NCT04008797,United States
NCT04067336,Belgium
NCT04067336,Canada
NCT04067336,France
NCT04067336,Germany
NCT04067336,Italy
NCT04067336,Spain
NCT04067336,United States
NCT01872260,Australia
NCT01872260,France
NCT01872260,Italy
NCT01872260,South Korea
NCT01872260,Spain
NCT01872260,Switzerland
NCT01872260,United Kingdom
NCT01872260,United States
NCT04068597,France
NCT04068597,Spain
NCT04068597,Sweden
NCT04068597,United Kingdom
NCT04068597,United States
NCT04317534,United States
NCT04611997,China
NCT02908906,Moldova
NCT02908906,Poland
NCT02908906,Russia
NCT02908906,Spain
NCT02908906,Sweden
NCT02908906,United Kingdom
NCT02908906,United States
NCT04025372,United States
NCT04365374,United States
NCT04844866,Austria
NCT04844866,Belgium
NCT04844866,Croatia
NCT04844866,Czechia
NCT04844866,Finland
NCT04844866,France
NCT04844866,Germany
NCT04844866,Hungary
NCT04844866,Italy
NCT04844866,Netherlands
NCT04844866,Poland
NCT04844866,Portugal
NCT04844866,Spain
NCT04844866,Turkey (Türkiye)
NCT01413178,United States
NCT03757949,United States
NCT04452591,Australia
NCT04452591,Canada
NCT04452591,Japan
NCT04452591,South Korea
NCT04452591,Taiwan
NCT04452591,United States
NCT03809000,Canada
NCT03809000,United States
NCT03987386,United States
NCT03937154,Argentina
NCT03937154,Austria
NCT03937154,Brazil
NCT03937154,Bulgaria
NCT03937154,Chile
NCT03937154,Colombia
NCT03937154,Greece
NCT03937154,Hungary
NCT03937154,Mexico
NCT03937154,Peru
NCT03937154,Poland
NCT03937154,Portugal
NCT03937154,Romania
NCT03937154,Russia
NCT03937154,Spain
NCT03937154,Turkey (Türkiye)
NCT03937154,Ukraine
NCT03937154,United States
NCT00392353,United States
NCT01708954,United States
NCT04504825,Australia
NCT04504825,Austria
NCT04504825,Belgium
NCT04504825,Brazil
NCT04504825,Canada
NCT04504825,China
NCT04504825,Czechia
NCT04504825,France
NCT04504825,Germany
NCT04504825,Greece
NCT04504825,Israel
NCT04504825,Italy
NCT04504825,Japan
NCT04504825,Netherlands
NCT04504825,Poland
NCT04504825,South Korea
NCT04504825,Spain
NCT04504825,United Kingdom
NCT04504825,United States
NCT00948922,United States
NCT03876769,Belgium
NCT03876769,Canada
NCT03876769,Denmark
NCT03876769,France
NCT03876769,Italy
NCT03876769,Netherlands
NCT03876769,Norway
NCT03876769,Spain
NCT03876769,Sweden
NCT03876769,United Kingdom
NCT03876769,United States
NCT04901234,Australia
NCT04901234,Canada
NCT05041946,United States
NCT03675893,United States
NCT03822897,Canada
NCT00001873,United States
NCT01854554,United States
NCT06492421,China
NCT02392429,United States
NCT01434602,United States
NCT02275533,Canada
NCT02275533,United States
NCT00769483,United States
NCT06868654,China
NCT00058422,United States
NCT00028002,United States
NCT00857389,United States
NCT00038376,United States
NCT01593020,United States
NCT00271505,United States
NCT00924326,United States
NCT03236428,United States
NCT01590966,Belgium
NCT01900002,United States
NCT04560322,United States
NCT01429038,Belgium
NCT00659126,United States
NCT00772915,United States
NCT03069248,Canada
NCT00721799,United States
NCT05011487,China
NCT00858117,United States
NCT01896271,United States
NCT00001191,United States
NCT07153757,China
NCT06860269,France
NCT04141449,Botswana
NCT07169903,China
NCT07572929,United States
NCT04436965,China
NCT04223024,China
NCT07574489,United States
NCT04158362,France
NCT00254423,United States
NCT02638090,United States
NCT04719156,United States
NCT01997840,United States
NCT05215548,Taiwan
NCT02938793,United States
NCT05218889,China
NCT06658405,France
NCT05189730,China
NCT05680558,United States
NCT01892371,United States
NCT05982678,Netherlands
NCT04980885,China
NCT01701986,United States
NCT04967391,United States
NCT03172299,France
NCT06299462,Brazil
NCT06499870,United States
NCT02779855,United States
NCT02227199,United States
NCT04898504,Norway
NCT03373097,Italy
NCT06967610,United States
NCT06176989,United States
NCT06207799,United States
NCT02530489,United States
NCT03573024,United States
NCT01391962,United States
NCT03682276,United Kingdom
NCT02158091,United States
NCT02730546,United States
NCT03315026,United States
NCT03127774,United States
NCT02734290,United States
NCT07309952,China
NCT00450450,United States
NCT01212822,United States
NCT01782443,United States
NCT00005974,Canada
NCT00005974,United States
NCT01234935,United States
NCT04989283,United States
NCT05744687,China
NCT04999969,Canada
NCT04999969,South Korea
NCT04999969,Spain
NCT04999969,United States
NCT06030258,China
NCT00112580,United States
NCT00751296,Canada
NCT00809341,United States
NCT03191968,United States
NCT02994784,United States
NCT00494585,United States
NCT00041782,United States
NCT03405155,United States
NCT00566098,United States
NCT00853021,United States
NCT00335829,United States
NCT02932332,United States
NCT00017680,United States
NCT00853996,United States
NCT00495846,Italy
NCT00722865,United States
NCT00329498,South Korea
NCT00141765,United States
NCT01391611,United States
NCT00003087,United States
NCT02291133,Slovenia
NCT00068588,United States
NCT00655161,United States
NCT00269074,Germany
NCT03321630,United States
NCT01675128,United States
NCT00491634,Israel
NCT00432094,United States
NCT01970527,United States
NCT01056614,United States
NCT04414163,South Korea
NCT00005592,United States
NCT01963481,United States
NCT00331409,United States
NCT03606122,Germany
NCT00766753,United States
NCT00201773,United States
NCT00578903,United States
NCT00115440,Finland
NCT00615589,United States
NCT03159143,United States
NCT03019640,United States
NCT00536978,United States
NCT03043664,United States
NCT04364230,United States
NCT00565370,South Korea
NCT00399529,United States
NCT00171587,United States
NCT01570283,United States
NCT01123356,United States
NCT00006251,Italy
NCT00006251,United States
NCT00429858,United States
NCT06956170,Japan
NCT01821105,United States
NCT03853187,Netherlands
NCT01189383,United States
NCT00257322,United States
NCT05318794,United Kingdom
NCT00313625,United States
NCT00002814,United States
NCT01707004,United States
NCT00274404,United States
NCT00112567,United States
NCT00350142,United States
NCT01582516,Netherlands
NCT02731352,China
NCT00880360,United States
NCT01402817,United States
NCT01253447,United States
NCT00418093,United States
NCT00003154,United States
NCT04882176,China
NCT01468818,United States
NCT00506779,United States
NCT00387959,United States
NCT02981524,United States
NCT02458235,United States
NCT02281409,United States
NCT00250718,United States
NCT00004211,United States
NCT04184232,Belarus
NCT00004145,United States
NCT01656304,United States
NCT02985801,United States
NCT01596699,United States
NCT00721890,Canada
NCT00438854,United States
NCT01516983,China
NCT00670046,United States
NCT00496379,United States
NCT02523417,China
NCT01720264,United States
NCT01419691,United States
NCT04270175,United States
NCT00387751,United States
NCT01695122,Brazil
NCT04091750,United States
NCT00886132,Canada
NCT01613313,United States
NCT04782856,United States
NCT02534129,United States
NCT02206503,Italy
NCT01662726,United Kingdom
NCT03291899,Saudi Arabia
NCT01276236,United States
NCT00584909,United States
NCT01884740,United States
NCT01692704,Switzerland
NCT02757651,United Kingdom
NCT00956072,Italy
NCT00004005,United States
NCT00617929,United States
NCT00678015,United States
NCT00003086,United States
NCT01816984,United States
NCT01703364,Austria
NCT00517361,United States
NCT05044897,China
NCT00060268,United States
NCT00754923,United States
NCT02328105,United States
NCT01681368,United States
NCT02408016,United States
NCT02062788,South Korea
NCT02469701,United States
NCT03196414,China
NCT00607152,China
NCT00850304,Iran
NCT01251978,United States
NCT02449538,South Korea
NCT02402764,United States
NCT05833893,China
NCT02343224,United States
NCT01248455,United States
NCT01732640,United States
NCT00513435,United States
NCT01851200,Italy
NCT03325816,United States
NCT02976883,United Kingdom
NCT02906696,United States
NCT01610570,United States
NCT03670901,China
NCT01359735,United States
NCT02496676,United States
NCT00975039,France
NCT03682367,United States
NCT02830880,United States
NCT00427856,United States
NCT01621724,United Kingdom
NCT03067571,United States
NCT01133756,United States
NCT04393454,United States
NCT03630120,United States
NCT01010854,United States
NCT03389438,China
NCT00248482,United States
NCT01685606,United States
NCT00895648,Canada
NCT01129206,United States
NCT04676607,China
NCT01465386,United States
NCT01119118,United States
NCT03776864,United States
NCT01573156,United Kingdom
NCT00601926,United States
NCT03342417,United States
NCT00595985,China
NCT00961376,United States
NCT03641326,United States
NCT03387514,United States
NCT03426722,South Korea
NCT00433745,United States
NCT01914484,Canada
NCT00004006,United States
NCT03803241,Spain
NCT00831493,United States
NCT03145480,United States
NCT02434146,United States
NCT01693276,United States
NCT01749293,United States
NCT00539500,United States
NCT05022797,Spain
NCT01474551,United States
NCT02029417,United States
NCT01520038,United States
NCT00176293,United States
NCT03570476,United States
NCT00006371,United States
NCT00691652,United States
NCT00252174,United States
NCT02535806,United States
NCT01191034,Belgium
NCT04106362,United States
NCT04434560,United States
NCT01359254,United States
NCT02748889,United States
NCT01186705,United States
NCT01321008,United States
NCT00082667,United States
NCT00110344,United States
NCT03348826,Canada
NCT03226236,Italy
NCT00758693,United States
NCT00903942,United States
NCT03307941,Belgium
NCT05570188,China
NCT01271283,United States
NCT01095523,United States
NCT02766842,United States
NCT04186156,United Kingdom
NCT01895790,United States
NCT01677949,United States
NCT02538926,United States
NCT04470674,United States
NCT01234974,United States
NCT00226746,United States
NCT00935558,Denmark
NCT03014804,United States
NCT04510584,Canada
NCT00006263,United States
NCT02042495,Canada
NCT00814593,United States
NCT04038489,United States
NCT01134497,United Kingdom
NCT01786538,South Korea
NCT03207334,United States
NCT03386838,United States
NCT05284214,United States
NCT03081039,United States
NCT01101438,Canada
NCT01101438,Switzerland
NCT01101438,United Kingdom
NCT01101438,United States
NCT00014222,Canada
NCT00014222,United States
NCT01864746,Australia
NCT01864746,Austria
NCT01864746,Canada
NCT01864746,France
NCT01864746,Germany
NCT01864746,Ireland
NCT01864746,Japan
NCT01864746,South Korea
NCT01864746,Spain
NCT01864746,United Kingdom
NCT01864746,United States
NCT02053610,Argentina
NCT02053610,Australia
NCT02053610,Austria
NCT02053610,Brazil
NCT02053610,Bulgaria
NCT02053610,Canada
NCT02053610,Croatia
NCT02053610,Czechia
NCT02053610,Denmark
NCT02053610,Egypt
NCT02053610,Estonia
NCT02053610,France
NCT02053610,Germany
NCT02053610,Hong Kong
NCT02053610,Italy
NCT02053610,Mexico
NCT02053610,Netherlands
NCT02053610,New Zealand
NCT02053610,Romania
NCT02053610,Russia
NCT02053610,Slovakia
NCT02053610,Spain
NCT02053610,Switzerland
NCT02053610,Thailand
NCT02053610,United Kingdom
NCT02053610,United States
NCT01908426,Australia
NCT01908426,Belgium
NCT01908426,Canada
NCT01908426,France
NCT01908426,Germany
NCT01908426,Hong Kong
NCT01908426,Ireland
NCT01908426,Italy
NCT01908426,Netherlands
NCT01908426,New Zealand
NCT01908426,Poland
NCT01908426,Romania
NCT01908426,Singapore
NCT01908426,South Korea
NCT01908426,Spain
NCT01908426,Taiwan
NCT01908426,Turkey (Türkiye)
NCT01908426,United Kingdom
NCT01908426,United States
NCT02278120,Argentina
NCT02278120,Australia
NCT02278120,Belgium
NCT02278120,Brazil
NCT02278120,Bulgaria
NCT02278120,Canada
NCT02278120,Colombia
NCT02278120,France
NCT02278120,Germany
NCT02278120,Greece
NCT02278120,Hong Kong
NCT02278120,Hungary
NCT02278120,India
NCT02278120,Italy
NCT02278120,Lebanon
NCT02278120,Malaysia
NCT02278120,Mexico
NCT02278120,Poland
NCT02278120,Portugal
NCT02278120,Russia
NCT02278120,Saudi Arabia
NCT02278120,Singapore
NCT02278120,South Korea
NCT02278120,Spain
NCT02278120,Switzerland
NCT02278120,Taiwan
NCT02278120,Thailand
NCT02278120,Turkey (Türkiye)
NCT02278120,United Arab Emirates
NCT02278120,United States
NCT02285062,Australia
NCT02285062,Belgium
NCT02285062,Canada
NCT02285062,China
NCT02285062,Czechia
NCT02285062,France
NCT02285062,Ireland
NCT02285062,Israel
NCT02285062,Italy
NCT02285062,Japan
NCT02285062,Netherlands
NCT02285062,New Zealand
NCT02285062,Portugal
NCT02285062,Puerto Rico
NCT02285062,Russia
NCT02285062,South Korea
NCT02285062,Spain
NCT02285062,Switzerland
NCT02285062,Taiwan
NCT02285062,Turkey (Türkiye)
NCT02285062,United States
NCT02041533,Argentina
NCT02041533,Australia
NCT02041533,Austria
NCT02041533,Belgium
NCT02041533,Brazil
NCT02041533,Canada
NCT02041533,Czechia
NCT02041533,Finland
NCT02041533,France
NCT02041533,Germany
NCT02041533,Greece
NCT02041533,Hungary
NCT02041533,Italy
NCT02041533,Japan
NCT02041533,Mexico
NCT02041533,Netherlands
NCT02041533,Poland
NCT02041533,Romania
NCT02041533,South Korea
NCT02041533,Spain
NCT02041533,Sweden
NCT02041533,Switzerland
NCT02041533,Taiwan
NCT02041533,Turkey (Türkiye)
NCT02041533,United Kingdom
NCT02041533,United States
NCT00002583,Canada
NCT00002583,United States
NCT00245154,Argentina
NCT00245154,Australia
NCT00245154,Brazil
NCT00245154,Canada
NCT00245154,Romania
NCT00245154,Singapore
NCT00909909,United States
NCT05245474,China
NCT00804856,Austria
NCT00804856,Belgium
NCT00804856,Canada
NCT00804856,France
NCT00804856,Germany
NCT00804856,Italy
NCT00804856,Norway
NCT05536505,China
NCT01420926,United States
NCT01104155,Hong Kong
NCT01104155,Malaysia
NCT01104155,Singapore
NCT01104155,South Korea
NCT01104155,Taiwan
NCT01104155,Thailand
NCT01104155,United States
NCT01721759,France
NCT01721759,Germany
NCT01721759,Italy
NCT01721759,United States
NCT02104986,France
NCT04288999,Japan
NCT01258608,Germany
NCT01258608,Poland
NCT01258608,Puerto Rico
NCT01258608,Romania
NCT01258608,Russia
NCT01258608,Ukraine
NCT01258608,United States
NCT01088815,United States
NCT01685008,Belgium
NCT01685008,Germany
NCT01685008,Hungary
NCT01685008,Italy
NCT01685008,Poland
NCT01685008,Spain
NCT01685008,United States
NCT02470091,Canada
NCT02470091,Puerto Rico
NCT02470091,United States
NCT01812252,United States
NCT03097328,United States
NCT00976755,Switzerland
NCT01643850,Switzerland
NCT01643850,United States
NCT06388031,China
NCT06812260,Japan
NCT03200847,United States
NCT05550415,Indonesia
NCT06656169,Mexico
NCT07389629,China
NCT06358677,United States
NCT05343013,United States
NCT07032285,Spain
NCT02174549,United States
NCT05620628,South Korea
NCT06796998,United States
NCT06369155,United States
NCT05479045,United States
NCT07274761,China
NCT06567314,United States
NCT06592599,United States
NCT02734771,United States
NCT07515963,China
NCT07652905,China
NCT07145931,China
NCT05002816,United States
NCT06302569,Italy
NCT06399029,Switzerland
NCT07403435,China
NCT05800574,United States
NCT03456700,United States
NCT06412510,United States
NCT06307548,United States
NCT04975555,United States
NCT03839459,United States
NCT07354061,China
NCT06840561,China
NCT07528274,China
NCT06654570,Finland
NCT02207062,United States
NCT07551635,United States
NCT07543848,China
NCT05979363,China
NCT07505615,China
NCT06704828,China
NCT07078604,United States
NCT05903807,Denmark
NCT03362606,China
NCT06470464,China
NCT07253116,China
NCT05052099,Germany
NCT05052099,Spain
NCT03341143,United States
NCT07751471,China
NCT06015724,United States
NCT04847050,United States
NCT05326464,United States
NCT04873375,Netherlands
NCT04955743,United States
NCT01985087,United States
NCT05282459,United States
NCT06114940,China
NCT05988918,United States
NCT00640978,United States
NCT01162135,United States
NCT06207123,United States
NCT02691078,Brazil
NCT04716725,United States
NCT06987058,Poland
NCT06987058,Spain
NCT01022476,France
NCT00906893,France
NCT04307329,Netherlands
NCT07146672,China
NCT05141682,United States
NCT02521051,United States
NCT03736720,United States
NCT05381038,Singapore
NCT05514990,United States
NCT00179855,United States
NCT05445609,United States
NCT06807593,United States
NCT07645118,Canada
NCT03664635,Germany
NCT07363486,China
NCT04701918,United States
NCT05549921,China
NCT03993353,United States
NCT07011550,United States
NCT07701486,Spain
NCT04611126,Denmark
NCT04876248,United States
NCT03488225,United States
NCT04631744,United States
NCT04952571,China
NCT04103645,United States
NCT05131776,Hong Kong
NCT02780700,United States
NCT05766514,United States
NCT01052051,United States
NCT06393374,Argentina
NCT06393374,Australia
NCT06393374,Austria
NCT06393374,Belgium
NCT06393374,Brazil
NCT06393374,Canada
NCT06393374,Colombia
NCT06393374,Czechia
NCT06393374,Denmark
NCT06393374,Finland
NCT06393374,France
NCT06393374,Germany
NCT06393374,Greece
NCT06393374,Hong Kong
NCT06393374,Ireland
NCT06393374,Israel
NCT06393374,Italy
NCT06393374,Japan
NCT06393374,Malaysia
NCT06393374,Mexico
NCT06393374,Norway
NCT06393374,Poland
NCT06393374,Portugal
NCT06393374,Singapore
NCT06393374,South Korea
NCT06393374,Spain
NCT06393374,Sweden
NCT06393374,Switzerland
NCT06393374,Turkey (Türkiye)
NCT06393374,United Kingdom
NCT06393374,United States
NCT03396874,United States
NCT03834493,Argentina
NCT03834493,Australia
NCT03834493,Austria
NCT03834493,Brazil
NCT03834493,Bulgaria
NCT03834493,Canada
NCT03834493,Chile
NCT03834493,Colombia
NCT03834493,Czechia
NCT03834493,France
NCT03834493,Germany
NCT03834493,Hungary
NCT03834493,Ireland
NCT03834493,Israel
NCT03834493,Italy
NCT03834493,Japan
NCT03834493,Netherlands
NCT03834493,New Zealand
NCT03834493,Poland
NCT03834493,Puerto Rico
NCT03834493,Russia
NCT03834493,South Korea
NCT03834493,Spain
NCT03834493,Taiwan
NCT03834493,Turkey (Türkiye)
NCT03834493,Ukraine
NCT03834493,United Kingdom
NCT03834493,United States
NCT06136559,Australia
NCT06136559,Belgium
NCT06136559,Brazil
NCT06136559,Canada
NCT06136559,Chile
NCT06136559,China
NCT06136559,Colombia
NCT06136559,Czechia
NCT06136559,Denmark
NCT06136559,Germany
NCT06136559,Greece
NCT06136559,Hong Kong
NCT06136559,Israel
NCT06136559,Japan
NCT06136559,Malaysia
NCT06136559,Mexico
NCT06136559,New Zealand
NCT06136559,Norway
NCT06136559,Peru
NCT06136559,Poland
NCT06136559,Portugal
NCT06136559,South Africa
NCT06136559,Spain
NCT06136559,Sweden
NCT06136559,Taiwan
NCT06136559,Thailand
NCT06136559,Turkey (Türkiye)
NCT06136559,United Kingdom
NCT06136559,United States
NCT03036488,Australia
NCT03036488,Brazil
NCT03036488,Canada
NCT03036488,Colombia
NCT03036488,France
NCT03036488,Germany
NCT03036488,Ireland
NCT03036488,Israel
NCT03036488,Italy
NCT03036488,Japan
NCT03036488,Poland
NCT03036488,Portugal
NCT03036488,Russia
NCT03036488,Singapore
NCT03036488,South Korea
NCT03036488,Spain
NCT03036488,Sweden
NCT03036488,Taiwan
NCT03036488,Turkey (Türkiye)
NCT03036488,United Kingdom
NCT03036488,United States
NCT05691478,Australia
NCT05691478,Canada
NCT05691478,New Zealand
NCT05691478,United States
NCT05296746,France
NCT05296746,Portugal
NCT05296746,Spain
NCT07028853,Argentina
NCT07028853,Australia
NCT07028853,Belgium
NCT07028853,Brazil
NCT07028853,Bulgaria
NCT07028853,Canada
NCT07028853,China
NCT07028853,Czechia
NCT07028853,Finland
NCT07028853,France
NCT07028853,Germany
NCT07028853,Greece
NCT07028853,Israel
NCT07028853,Italy
NCT07028853,Japan
NCT07028853,Netherlands
NCT07028853,New Zealand
NCT07028853,Poland
NCT07028853,Slovakia
NCT07028853,South Korea
NCT07028853,Spain
NCT07028853,Switzerland
NCT07028853,Taiwan
NCT07028853,Turkey (Türkiye)
NCT07028853,United Kingdom
NCT07028853,United States
NCT04170283,Australia
NCT04170283,China
NCT04170283,Czechia
NCT04170283,France
NCT04170283,Germany
NCT04170283,Greece
NCT04170283,Italy
NCT04170283,Japan
NCT04170283,Netherlands
NCT04170283,New Zealand
NCT04170283,Poland
NCT04170283,South Korea
NCT04170283,Spain
NCT04170283,Sweden
NCT04170283,Turkey (Türkiye)
NCT04170283,United Kingdom
NCT04170283,United States
NCT05020236,Argentina
NCT05020236,Australia
NCT05020236,Brazil
NCT05020236,Canada
NCT05020236,China
NCT05020236,Czechia
NCT05020236,Finland
NCT05020236,France
NCT05020236,Germany
NCT05020236,Greece
NCT05020236,Italy
NCT05020236,Japan
NCT05020236,Mexico
NCT05020236,New Zealand
NCT05020236,Norway
NCT05020236,Poland
NCT05020236,Spain
NCT05020236,Sweden
NCT05020236,Taiwan
NCT05020236,Turkey (Türkiye)
NCT05020236,United Kingdom
NCT05020236,United States
NCT00002798,United States
NCT05909332,China
NCT07528768,Barbados
NCT07528768,Jamaica
NCT07528768,Trinidad and Tobago
NCT03600883,Australia
NCT03600883,Austria
NCT03600883,Belgium
NCT03600883,Brazil
NCT03600883,Canada
NCT03600883,France
NCT03600883,Germany
NCT03600883,Greece
NCT03600883,Hungary
NCT03600883,Japan
NCT03600883,Portugal
NCT03600883,Romania
NCT03600883,South Korea
NCT03600883,Spain
NCT03600883,Switzerland
NCT03600883,United States
NCT02181413,Argentina
NCT02181413,Australia
NCT02181413,Austria
NCT02181413,Belgium
NCT02181413,Brazil
NCT02181413,Canada
NCT02181413,Colombia
NCT02181413,Czechia
NCT02181413,Denmark
NCT02181413,France
NCT02181413,Germany
NCT02181413,Greece
NCT02181413,Hungary
NCT02181413,Israel
NCT02181413,Italy
NCT02181413,Japan
NCT02181413,Mexico
NCT02181413,Netherlands
NCT02181413,Norway
NCT02181413,Poland
NCT02181413,Portugal
NCT02181413,Singapore
NCT02181413,South Africa
NCT02181413,South Korea
NCT02181413,Spain
NCT02181413,Sweden
NCT02181413,Switzerland
NCT02181413,Taiwan
NCT02181413,Thailand
NCT02181413,Turkey (Türkiye)
NCT02181413,Ukraine
NCT02181413,United Kingdom
NCT02181413,United States
NCT03390686,Belarus
NCT03390686,Bulgaria
NCT03390686,Croatia
NCT03390686,Georgia
NCT03390686,Greece
NCT03390686,Hungary
NCT03390686,India
NCT03390686,Latvia
NCT03390686,Malaysia
NCT03390686,Philippines
NCT03390686,Poland
NCT03390686,Russia
NCT03390686,Serbia
NCT03390686,Slovakia
NCT03390686,Thailand
NCT03390686,Turkey (Türkiye)
NCT03390686,Ukraine
NCT01996306,Japan
NCT03935204,China
NCT00915382,South Korea
NCT01508546,Italy
NCT02870582,China
NCT00003343,United States
NCT06217042,China
NCT05624996,Canada
NCT05624996,United States
NCT07106762,Argentina
NCT07106762,Australia
NCT07106762,Austria
NCT07106762,Belgium
NCT07106762,Brazil
NCT07106762,Canada
NCT07106762,China
NCT07106762,Czechia
NCT07106762,France
NCT07106762,Germany
NCT07106762,Ireland
NCT07106762,Israel
NCT07106762,Italy
NCT07106762,Japan
NCT07106762,Netherlands
NCT07106762,Norway
NCT07106762,Romania
NCT07106762,Spain
NCT07106762,Sweden
NCT07106762,Switzerland
NCT07106762,United Kingdom
NCT07106762,United States
NCT07321652,United States
NCT00323830,South Korea
NCT04647526,Canada
NCT04647526,France
NCT04647526,Netherlands
NCT04647526,Sweden
NCT04647526,United Kingdom
NCT04647526,United States
NCT02087423,Austria
NCT02087423,Belgium
NCT02087423,Canada
NCT02087423,Czechia
NCT02087423,France
NCT02087423,Germany
NCT02087423,Hungary
NCT02087423,Italy
NCT02087423,Japan
NCT02087423,Philippines
NCT02087423,Poland
NCT02087423,Singapore
NCT02087423,South Korea
NCT02087423,Spain
NCT02087423,Taiwan
NCT02087423,Thailand
NCT02087423,United Kingdom
NCT02087423,United States
NCT06313086,China
NCT00866203,Italy
NCT01644890,Japan
NCT00326378,South Korea
NCT04168502,Italy
NCT00566332,France
NCT06351631,Australia
NCT06351631,Hong Kong
NCT06351631,Italy
NCT06351631,New Zealand
NCT06351631,United Kingdom
NCT06351631,United States
NCT04888741,United Kingdom
NCT00521664,Germany
NCT02294461,China
NCT02294461,Hong Kong
NCT02294461,South Korea
NCT02294461,Taiwan
NCT02146092,Canada
NCT03112174,Australia
NCT03112174,Belgium
NCT03112174,Canada
NCT03112174,Czechia
NCT03112174,France
NCT03112174,Germany
NCT03112174,Greece
NCT03112174,Hungary
NCT03112174,Italy
NCT03112174,Netherlands
NCT03112174,Poland
NCT03112174,South Korea
NCT03112174,Spain
NCT03112174,Turkey (Türkiye)
NCT03112174,Ukraine
NCT03112174,United Kingdom
NCT03112174,United States
NCT06446388,China
NCT00830778,Belgium
NCT01779479,Germany
NCT02611024,France
NCT02611024,Germany
NCT02611024,Italy
NCT02611024,Spain
NCT02611024,Switzerland
NCT02611024,United States
NCT03974022,Argentina
NCT03974022,Australia
NCT03974022,Canada
NCT03974022,Chile
NCT03974022,China
NCT03974022,France
NCT03974022,Italy
NCT03974022,Japan
NCT03974022,Malaysia
NCT03974022,South Korea
NCT03974022,Spain
NCT03974022,Taiwan
NCT03974022,United States
NCT01081899,Italy
NCT00770809,Puerto Rico
NCT00770809,United States
NCT00185640,United States
NCT05624554,Australia
NCT05624554,Brazil
NCT05624554,Bulgaria
NCT05624554,Chile
NCT05624554,China
NCT05624554,Colombia
NCT05624554,Denmark
NCT05624554,Guatemala
NCT05624554,Hong Kong
NCT05624554,Hungary
NCT05624554,Lithuania
NCT05624554,Malaysia
NCT05624554,Mexico
NCT05624554,Poland
NCT05624554,Romania
NCT05624554,Singapore
NCT05624554,South Africa
NCT05624554,Taiwan
NCT05624554,Turkey (Türkiye)
NCT05624554,Ukraine
NCT05624554,United States
NCT01185782,Japan
NCT00188305,Canada
NCT00126412,United States
NCT03915678,France
NCT00679913,South Korea
NCT00190762,Canada
NCT06419673,China
NCT03365882,Puerto Rico
NCT03365882,United States
NCT06368817,Australia
NCT06368817,Canada
NCT06368817,United States
NCT00904280,United States
NCT00290771,United States
NCT00003859,United Kingdom
NCT00685646,Japan
NCT01474356,Poland
NCT03568656,France
NCT03568656,Netherlands
NCT03568656,Spain
NCT03568656,Sweden
NCT03568656,United Kingdom
NCT03568656,United States
NCT06195670,China
NCT05702957,Pakistan
NCT05438043,Belgium
NCT05438043,Brazil
NCT05438043,China
NCT05438043,Czechia
NCT05438043,Denmark
NCT05438043,France
NCT05438043,Germany
NCT05438043,Greece
NCT05438043,Italy
NCT05438043,Poland
NCT05438043,Russia
NCT05438043,South Korea
NCT05438043,Spain
NCT05438043,Turkey (Türkiye)
NCT05438043,Ukraine
NCT05438043,United Kingdom
NCT05438043,United States
NCT05991388,Australia
NCT05991388,Austria
NCT05991388,Belgium
NCT05991388,Netherlands
NCT05991388,New Zealand
NCT05991388,Sweden
NCT05991388,United Kingdom
NCT00668161,United States
NCT05163041,United Kingdom
NCT05163041,United States
NCT03331588,China
NCT06419946,Austria
NCT06419946,Denmark
NCT06419946,Norway
NCT06419946,Sweden
NCT01512810,United States
NCT00819650,China
NCT05628922,China
NCT03277924,Italy
NCT03277924,Spain
NCT03277924,United Kingdom
NCT01161316,Spain
NCT05110170,China
NCT02838420,China
NCT02838420,South Korea
NCT02838420,Thailand
NCT02752035,Australia
NCT02752035,Belgium
NCT02752035,Canada
NCT02752035,France
NCT02752035,Germany
NCT02752035,Italy
NCT02752035,Japan
NCT02752035,Poland
NCT02752035,South Korea
NCT02752035,Spain
NCT02752035,Taiwan
NCT02752035,United Kingdom
NCT02752035,United States
NCT00194571,United States
NCT01116479,Denmark
NCT01507506,France
NCT00960115,Germany
NCT00564512,France
NCT07116616,United States
NCT00189566,France
NCT04095299,Denmark
NCT02745483,South Korea
NCT00293033,United States
NCT02942173,Russia
NCT00006079,United States
NCT00630695,France
NCT01248962,United States
NCT00034450,United States
NCT00002882,United States
NCT03284957,Belgium
NCT03284957,Canada
NCT03284957,Czechia
NCT03284957,France
NCT03284957,Italy
NCT03284957,Poland
NCT03284957,Portugal
NCT03284957,Spain
NCT03284957,United Kingdom
NCT03284957,United States
NCT00352846,United States
NCT02958787,United States
NCT02707588,France
NCT02369835,United States
NCT03833921,United States
NCT05281003,China
NCT01171898,United States
NCT07437950,Puerto Rico
NCT07437950,United States
NCT00939848,United Kingdom
NCT05228431,China
NCT02275403,United Kingdom
NCT00138138,United States
NCT02839668,Romania
NCT03389295,China
NCT03584711,France
NCT03584711,Martinique
NCT01303679,France
NCT04572815,United States
NCT04509700,Austria
NCT04509700,Belgium
NCT04509700,Czechia
NCT04509700,Denmark
NCT04509700,France
NCT04509700,Hungary
NCT04509700,Israel
NCT04509700,Italy
NCT04509700,Japan
NCT04509700,Norway
NCT04509700,Poland
NCT04509700,South Korea
NCT04509700,Spain
NCT04509700,Sweden
NCT04509700,Turkey (Türkiye)
NCT04509700,United Kingdom
NCT04509700,United States
NCT00170157,United States
NCT01106898,United States
NCT02403531,China
NCT02440230,China
NCT05171816,China
NCT00452244,South Korea
NCT02635984,United States
NCT01858571,India
NCT00411671,United States
NCT02346578,Japan
NCT00953121,United States
NCT06254690,China
NCT01935934,Canada
NCT01935934,United States
NCT01554397,China
NCT01554397,Czechia
NCT01554397,India
NCT01554397,Poland
NCT01554397,Thailand
NCT01554397,United States
NCT05364918,China
NCT02138617,United States
NCT01387880,Denmark
NCT05914389,China
NCT01335152,United States
NCT04940325,France
NCT02970916,Spain
NCT00974948,Canada
NCT00921375,India
NCT00553878,Canada
NCT02841748,United States
NCT00536393,France
NCT02730091,France
NCT06183736,China
NCT03965468,Italy
NCT03965468,Netherlands
NCT03965468,Spain
NCT03965468,Switzerland
NCT00970385,France
NCT00278161,United States
NCT03154749,China
NCT04172532,United States
NCT00402961,United States
NCT04232423,Thailand
NCT00075439,United States
NCT04245514,Germany
NCT04245514,Switzerland
NCT00182689,United States
NCT00608634,United States
NCT00005987,United States
NCT00002574,United States
NCT01411176,Japan
NCT01550848,China
NCT01532804,France
NCT00943592,United States
NCT00806767,France
NCT00493883,United States
NCT01566474,Spain
NCT00516022,Israel
NCT03048123,China
NCT00394992,Netherlands
NCT02454179,United States
NCT01077999,Netherlands
NCT00542971,United States
NCT00084656,United States
NCT00531245,South Korea
NCT02374242,Australia
NCT00378313,United States
NCT00005991,United States
NCT00906841,France
NCT04140292,United States
NCT03595644,China
NCT02584309,United States
NCT01051154,Mexico
NCT02873962,United States
NCT00402116,United States
NCT01279252,United Kingdom
NCT03395899,United Kingdom
NCT01815307,Japan
NCT00435474,Denmark
NCT05929664,United States
NCT01013285,United States
NCT04544189,China
NCT00405561,Germany
NCT02814968,Netherlands
NCT03019939,United States
NCT00001338,United States
NCT03220646,United States
NCT05104983,United States
NCT00508144,United States
NCT00636805,United States
NCT00971737,United States
NCT00381641,United States
NCT01025154,United States
NCT00002774,United States
NCT00096291,United States
NCT05265208,France
NCT00436293,Hong Kong
NCT00541073,France
NCT00003694,United States
NCT07708961,United States
NCT00002800,United States
NCT00181584,United States
NCT05805098,China
NCT02465502,Brazil
NCT00647569,Denmark
NCT00087438,United States
NCT00832234,Greece
NCT00525785,United States
NCT00510692,United Kingdom
NCT00023712,United States
NCT01053013,United States
NCT00026221,United States
NCT01206270,Italy
NCT01998503,China
NCT04046614,Germany
NCT03134118,Belgium
NCT03134118,France
NCT03134118,Netherlands
NCT03134118,Spain
NCT03134118,Switzerland
NCT03134118,United Kingdom
NCT00203931,United States
NCT00087074,United States
NCT01396707,South Korea
NCT00155883,Taiwan
NCT00160875,Canada
NCT00732316,South Korea
NCT06218810,China
NCT00691678,United States
NCT00813540,Canada
NCT00066417,United States
NCT05450029,China
NCT00001144,United States
NCT02682641,Spain
NCT02351219,Italy
NCT00003297,United States
NCT01188876,United States
NCT01672333,Iran
NCT05817955,China
NCT03787680,United States
NCT00003344,United States
NCT00965250,United States
NCT00754351,Greece
NCT00400569,United States
NCT00522990,United States
NCT01338792,United States
NCT03367923,United States
NCT02406170,Netherlands
NCT01781520,China
NCT00588809,United States
NCT00002796,United States
NCT00285415,United States
NCT00976976,South Korea
NCT00288795,United States
NCT02842827,Australia
NCT00020735,United States
NCT01575730,Belgium
NCT00956930,United States
NCT00582556,United States
NCT00409994,Netherlands
NCT00253370,United States
NCT01746771,South Korea
NCT00231465,United States
NCT03104491,United States
NCT01130753,South Korea
NCT01567488,Spain
NCT00847119,Spain
NCT01692197,United States
NCT04005170,China
NCT01469546,United States
NCT01588704,China
NCT04767984,United States
NCT01181271,United States
NCT00852332,France
NCT01798446,South Korea
NCT00888654,United States
NCT00470184,United States
NCT03556332,United States
NCT04709276,United States
NCT01174017,Canada
NCT03723941,Italy
NCT06158269,China
NCT02742051,China
NCT00758186,Singapore
NCT00187083,United States
NCT00915785,United Kingdom
NCT00026091,United States
NCT00062933,United States
NCT02398240,United States
NCT00084526,United States
NCT04021589,China
NCT01164007,Italy
NCT00958321,Ireland
NCT01507064,Italy
NCT00540176,Canada
NCT00548938,United States
NCT00408564,United States
NCT00925132,United States
NCT02769286,South Korea
NCT00041470,United States
NCT02655068,United States
NCT05744115,United States
NCT00182806,United States
NCT02522598,South Korea
NCT01158222,United States
NCT00098254,United States
NCT05672524,United States
NCT00041340,United States
NCT00398710,United States
NCT03081923,Italy
NCT01929421,South Korea
NCT00289809,Italy
NCT00186628,United States
NCT01081301,Canada
NCT00505713,United States
NCT00616564,United States
NCT00276549,United States
NCT00262886,United States
NCT02981498,China
NCT00081809,United States
NCT00151671,France
NCT01752036,United States
NCT03246750,Thailand
NCT03507244,China
NCT01722968,Sweden
NCT00667953,United States
NCT05265988,Italy
NCT00590954,United States
NCT01571401,Canada
NCT05517239,South Korea
NCT02207556,United States
NCT06190639,China
NCT01152645,Japan
NCT01152645,South Korea
NCT00052715,United States
NCT04172571,China
NCT01080352,Denmark
NCT02849327,China
NCT00114283,United States
NCT00261027,Canada
NCT00191503,Canada
NCT02806050,Netherlands
NCT03357289,China
NCT00143884,United States
NCT00856830,United States
NCT01258413,Brazil
NCT03357276,China
NCT04606771,Argentina
NCT04606771,India
NCT04606771,Taiwan
NCT04606771,Thailand
NCT04606771,United States
NCT04606771,Vietnam
NCT01623206,Argentina
NCT00185965,United States
NCT00084747,United States
NCT00070096,United States
NCT02762513,United States
NCT00578071,United States
NCT02658019,United States
NCT02578732,United States
NCT00521560,Germany
NCT00406276,United States
NCT00867750,Germany
NCT00867750,Spain
NCT01528501,Germany
NCT00935792,United States
NCT00005623,United States
NCT00020254,United States
NCT00057473,United States
NCT00008151,United States
NCT00012129,United States
NCT00053131,United States
NCT00005853,United States
NCT00003055,United States
NCT01247623,Norway
NCT00008203,United States
NCT00014469,United States
NCT00003390,United States
NCT00016250,United States
NCT00047736,United States
NCT00002489,United States
NCT00005863,United Kingdom
NCT00005599,United States
NCT00081107,United States
NCT00004157,United States
NCT00006043,United States
NCT00027638,United States
NCT00005625,United States
NCT00003443,United States
NCT00261404,United States
NCT00081133,United States
NCT05520255,Canada
NCT05454280,United States
NCT07057427,China
NCT06493552,United States
NCT01746979,Germany
NCT01746979,United States
NCT05871099,China
NCT05918328,China
NCT05634252,United States
NCT06555068,China
NCT03206151,China
NCT07651163,China
NCT07113275,China
NCT03924050,China
NCT06692166,China
NCT07034326,China
NCT07603349,China
NCT07529405,United States
NCT07277842,China
NCT05870319,China
NCT07445048,China
NCT07102901,China
NCT06829459,China
NCT06222879,China
NCT07093970,China
NCT03750669,China
NCT06561854,France
NCT06857773,Netherlands
NCT07254858,China
NCT07297329,China
NCT07750041,China
NCT02460887,China
NCT06220123,China
NCT04184921,China
NCT06895031,China
NCT07028268,China
NCT07130383,China
NCT05215379,China
NCT07284589,United States
NCT06645691,Singapore
NCT07559929,China
NCT06510010,China
NCT04535414,United States
NCT06586242,China
NCT07410559,China
NCT06781996,France
NCT07514494,Russia
NCT06280495,China
NCT06220318,China
NCT05377554,United States
NCT00482261,Australia
NCT06802835,China
NCT07222969,Australia
NCT07222969,China
NCT06961955,United States
NCT06674343,China
NCT06938321,China
NCT06940388,Germany
NCT06940388,Israel
NCT06364423,United States
NCT05613478,China
NCT06949111,China
NCT07258160,China
NCT05749588,China
NCT06907602,China
NCT06519994,Kenya
NCT07040280,United States
NCT02436993,United States
NCT07080216,China
NCT06841159,China
NCT07109817,United States
NCT07126665,China
NCT06394661,China
NCT04521348,China
NCT04016129,China
NCT06100497,China
NCT07406789,Spain
NCT07245069,Slovenia
NCT07070440,China
NCT06630130,South Korea
NCT07590336,China
NCT07337876,Germany
NCT06703398,China
NCT07278557,United States
NCT06901817,China
NCT07699276,Thailand
NCT03018288,United States
NCT07437625,China
NCT06295159,United States
NCT06902311,United States
NCT05512403,France
NCT06640582,China
NCT05419089,United States
NCT05379712,Canada
NCT07050524,China
NCT05819853,United States
NCT06730672,China
NCT06679387,Egypt
NCT04840264,China
NCT06411795,United States
NCT01991379,United States
NCT07248020,Taiwan
NCT06276868,China
NCT06329973,China
NCT06207656,Spain
NCT07143682,Bangladesh
NCT07670273,China
NCT05286814,United States
NCT04937738,Ukraine
NCT05772390,Italy
NCT07665684,Canada
NCT05603884,China
NCT06592287,China
NCT04963088,China
NCT07012954,China
NCT04625803,China
NCT05625893,South Korea
NCT07204548,China
NCT05436561,China
NCT06085755,South Korea
NCT06179303,United States
NCT06652048,China
NCT07685938,United States
NCT07744256,China
NCT07560475,China
NCT06859190,China
NCT07132190,United States
NCT05990543,South Korea
NCT07363356,China
NCT06265584,United States
NCT05576480,China
NCT05565521,Canada
NCT06658353,China
NCT05401786,Netherlands
NCT06876142,United States
NCT00875849,France
NCT06086704,United States
NCT06608186,Egypt
NCT07302451,Italy
NCT06714383,China
NCT05954429,China
NCT05983159,Australia
NCT03188432,United States
NCT07448831,Belgium
NCT06493370,United States
NCT07078500,China
NCT05507632,China
NCT06942442,United States
NCT07192848,China
NCT03225989,Sweden
NCT07539753,China
NCT07047183,China
NCT07534033,China
NCT00583349,United States
NCT07485296,Italy
NCT07334431,China
NCT06528496,United States
NCT06735820,United States
NCT06672575,United States
NCT07298642,Taiwan
NCT05749900,South Korea
NCT05613452,China
NCT04591002,South Korea
NCT06759090,China
NCT06820320,China
NCT05169658,United States
NCT06038526,United States
NCT06498986,China
NCT05019703,United States
NCT06289062,China
NCT06280105,China
NCT06920251,South Korea
NCT07744750,China
NCT02081768,Canada
NCT07231250,China
NCT06292689,China
NCT05400226,United States
NCT05807893,China
NCT06207305,United States
NCT06947083,United States
NCT06145308,China
NCT07396454,China
NCT06937866,United States
NCT04316546,United States
NCT07733115,China
NCT06925516,China
NCT06802315,United States
NCT07351487,China
NCT07597629,China
NCT05613413,United States
NCT06617936,China
NCT06691503,China
NCT07043270,United States
NCT06973421,China
NCT05557110,China
NCT07354919,United States
NCT06693323,United States
NCT07635524,United States
NCT06693791,China
NCT06369259,United States
NCT05013450,United States
NCT06951997,China
NCT06910072,China
NCT06816394,Taiwan
NCT06972875,United States
NCT06815094,Egypt
NCT06659042,China
NCT06220162,China
NCT06356155,United States
NCT07557914,China
NCT03161379,United States
NCT05672459,United States
NCT05357794,United States
NCT07726446,China
NCT07501156,China
NCT06177522,China
NCT05336383,United States
NCT06914674,China
NCT07690891,United States
NCT06826118,China
NCT05454488,United States
NCT06245889,United States
NCT07264647,Italy
NCT07678684,China
NCT06211114,China
NCT03197467,Germany
NCT06587867,Canada
NCT07436611,Spain
NCT07436611,United States
NCT06552858,China
NCT02257138,United States
NCT05319015,United States
NCT05232136,China
NCT05669352,United States
NCT06666166,China
NCT06326346,South Korea
NCT07307443,China
NCT05376111,China
NCT00004183,United States
NCT00100711,United States
NCT01606566,France
NCT01606566,Germany
NCT01606566,Lithuania
NCT01606566,Netherlands
NCT01606566,Poland
NCT01606566,United Kingdom
NCT05716295,United States
NCT01698801,Japan
NCT00610129,United States
NCT00275262,United States
NCT00122876,Hong Kong
NCT00122876,Singapore
NCT00122876,Taiwan
NCT01455051,Spain
NCT00412880,Canada
NCT00412880,United States
NCT03289455,United Kingdom
NCT03147040,Netherlands
NCT00979966,Germany
NCT01083368,United States
NCT00588822,United States
NCT00668642,United States
NCT00453232,United Kingdom
NCT00900562,United States
NCT00075660,Canada
NCT03448718,United States
NCT02299635,Hungary
NCT02299635,Italy
NCT02299635,Poland
NCT02299635,Spain
NCT02299635,United Kingdom
NCT02299635,United States
NCT02064491,Finland
NCT00277303,United States
NCT00659360,Canada
NCT00659360,United States
NCT01277406,Germany
NCT00955240,France
NCT01497665,Canada
NCT01497665,United States
NCT03065023,Germany
NCT03065023,Spain
NCT03065023,United Kingdom
NCT00322673,United States
NCT00003070,Canada
NCT00003070,Switzerland
NCT00003070,United States
NCT01336894,Canada
NCT01336894,United States
NCT02183883,United Kingdom
NCT02921269,United States
NCT01495988,United States
NCT01242449,Denmark
NCT00889187,United States
NCT04635852,Germany
NCT01403246,Italy
NCT03319537,United States
NCT02413827,United States
NCT03773133,Austria
NCT03773133,Belgium
NCT03773133,France
NCT03773133,Germany
NCT03773133,Switzerland
NCT03773133,United Kingdom
NCT03773133,United States
NCT01425879,United States
NCT02236936,Austria
NCT00088972,United States
NCT04428047,France
NCT02465957,United States
NCT03890731,Germany
NCT03890731,Italy
NCT03890731,Japan
NCT03890731,United Kingdom
NCT03890731,United States
NCT01283035,United States
NCT00361244,United States
NCT03592641,United States
NCT01813214,United States
NCT00021112,Belgium
NCT00021112,Germany
NCT00021112,Netherlands
NCT00021112,Poland
NCT02581384,United States
NCT01962896,United States
NCT01013168,Germany
NCT02887248,United States
NCT01576029,Brazil
NCT02332889,United States
NCT03035006,Taiwan
NCT04634110,United States
NCT01663285,United States
NCT00992173,Canada
NCT00992173,United States
NCT02269579,United States
NCT00118105,United States
NCT05079360,United States
NCT05493618,United States
NCT03803761,United States
NCT05191004,United States
NCT03658213,China
NCT05572463,Australia
NCT05572463,France
NCT05572463,Germany
NCT05572463,Spain
NCT05572463,Switzerland
NCT05572463,United Kingdom
NCT05572463,United States
NCT05883449,United States
NCT05580770,Australia
NCT05580770,United States
NCT04417530,United States
NCT03694002,United States
NCT04023331,United States
NCT07193394,France
NCT06616155,United States
NCT03590574,Spain
NCT03590574,United Kingdom
NCT05573555,Canada
NCT05573555,Italy
NCT05573555,Spain
NCT05573555,United States
NCT05537766,Austria
NCT05537766,France
NCT05537766,Germany
NCT05537766,Italy
NCT05537766,Netherlands
NCT05537766,Spain
NCT05537766,Switzerland
NCT05537766,United States
NCT05243862,United States
NCT05642962,United States
NCT06704269,France
NCT06704269,Japan
NCT06704269,United Kingdom
NCT06704269,United States
NCT04826198,France
NCT05873205,United States
NCT05374590,Belgium
NCT05374590,Canada
NCT05374590,France
NCT05374590,Germany
NCT05374590,Israel
NCT05374590,Netherlands
NCT05374590,Poland
NCT05374590,Spain
NCT05374590,United Kingdom
NCT05374590,United States
NCT06359041,United States
NCT06492304,Australia
NCT06492304,United States
NCT03759366,Japan
NCT03759366,United States
NCT03357952,Belgium
NCT03357952,Israel
NCT03357952,Spain
NCT05513703,Australia
NCT05513703,France
NCT05513703,Germany
NCT05513703,Israel
NCT05513703,Italy
NCT05513703,Japan
NCT05513703,South Korea
NCT05513703,Taiwan
NCT05513703,United States
NCT05770882,Taiwan
NCT04871529,United States
NCT05846646,United States
NCT05383170,France
NCT05383170,Italy
NCT05383170,Netherlands
NCT05383170,Spain
NCT05383170,United States
NCT03973918,United States
NCT07040059,India
NCT03009058,France
NCT03009058,United Kingdom
NCT04527900,United States
NCT05207722,United States
NCT06105008,China
NCT01646437,Bangladesh
NCT01646437,Canada
NCT01646437,Colombia
NCT01646437,India
NCT01646437,Indonesia
NCT01646437,Malaysia
NCT01646437,Philippines
NCT01646437,Tanzania
NCT01646437,Tunisia
NCT00021255,Argentina
NCT00021255,Australia
NCT00021255,Austria
NCT00021255,Belgium
NCT00021255,Bosnia and Herzegovina
NCT00021255,Brazil
NCT00021255,Bulgaria
NCT00021255,Canada
NCT00021255,Colombia
NCT00021255,Croatia
NCT00021255,Czechia
NCT00021255,Egypt
NCT00021255,Estonia
NCT00021255,France
NCT00021255,Germany
NCT00021255,Greece
NCT00021255,Hong Kong
NCT00021255,Hungary
NCT00021255,India
NCT00021255,Ireland
NCT00021255,Israel
NCT00021255,Italy
NCT00021255,Lebanon
NCT00021255,Mexico
NCT00021255,New Zealand
NCT00021255,Poland
NCT00021255,Romania
NCT00021255,Russia
NCT00021255,Slovakia
NCT00021255,Slovenia
NCT00021255,South Africa
NCT00021255,South Korea
NCT00021255,Spain
NCT00021255,Sweden
NCT00021255,Switzerland
NCT00021255,Taiwan
NCT00021255,Tunisia
NCT00021255,Turkey (Türkiye)
NCT00021255,United Kingdom
NCT00021255,United States
NCT00021255,Uruguay
NCT00021255,Venezuela
NCT00002611,Australia
NCT00002611,Canada
NCT00002611,Netherlands
NCT00002611,New Zealand
NCT00002611,Puerto Rico
NCT00002611,Switzerland
NCT00002611,United States
NCT00687102,Canada
NCT00687102,United States
NCT01322490,Australia
NCT01322490,Belgium
NCT01322490,Canada
NCT01322490,Denmark
NCT01322490,Estonia
NCT01322490,France
NCT01322490,Germany
NCT01322490,Iceland
NCT01322490,Israel
NCT01322490,Netherlands
NCT01322490,Poland
NCT01322490,Puerto Rico
NCT01322490,Russia
NCT01322490,Spain
NCT01322490,United Kingdom
NCT01322490,United States
NCT01285609,Argentina
NCT01285609,Australia
NCT01285609,Austria
NCT01285609,Belgium
NCT01285609,Brazil
NCT01285609,Canada
NCT01285609,Chile
NCT01285609,China
NCT01285609,Colombia
NCT01285609,Czechia
NCT01285609,Denmark
NCT01285609,France
NCT01285609,Germany
NCT01285609,Hong Kong
NCT01285609,Hungary
NCT01285609,Ireland
NCT01285609,Israel
NCT01285609,Italy
NCT01285609,Japan
NCT01285609,Mexico
NCT01285609,Netherlands
NCT01285609,Peru
NCT01285609,Poland
NCT01285609,Portugal
NCT01285609,Romania
NCT01285609,Russia
NCT01285609,Singapore
NCT01285609,South Africa
NCT01285609,South Korea
NCT01285609,Spain
NCT01285609,Sweden
NCT01285609,Switzerland
NCT01285609,Taiwan
NCT01285609,Thailand
NCT01285609,United Kingdom
NCT01285609,United States
NCT01989858,Italy
NCT00022516,Australia
NCT00022516,Belgium
NCT00022516,Brazil
NCT00022516,Chile
NCT00022516,Hungary
NCT00022516,Italy
NCT00022516,Nigeria
NCT00022516,Peru
NCT00022516,Romania
NCT00022516,South Africa
NCT00022516,Switzerland
NCT02438007,Australia
NCT02438007,Belgium
NCT02438007,Canada
NCT02438007,France
NCT02438007,Italy
NCT02438007,Spain
NCT02438007,United Kingdom
NCT02438007,United States
NCT00003162,Canada
NCT00003162,United States
NCT00095199,Canada
NCT00095199,United States
NCT00449033,Austria
NCT00449033,Belgium
NCT00449033,Brazil
NCT00449033,Canada
NCT00449033,China
NCT00449033,Cyprus
NCT00449033,Finland
NCT00449033,France
NCT00449033,Germany
NCT00449033,Greece
NCT00449033,Hungary
NCT00449033,Israel
NCT00449033,Italy
NCT00449033,Mexico
NCT00449033,Netherlands
NCT00449033,Spain
NCT00449033,Switzerland
NCT00449033,United Kingdom
NCT01416181,Belgium
NCT01416181,Canada
NCT01416181,Czechia
NCT01416181,Denmark
NCT01416181,Finland
NCT01416181,France
NCT01416181,Germany
NCT01416181,Ireland
NCT01416181,Israel
NCT01416181,Italy
NCT01416181,Netherlands
NCT01416181,Poland
NCT01416181,Russia
NCT01416181,Spain
NCT01416181,Sweden
NCT01416181,United Kingdom
NCT01416181,United States
NCT00543127,Spain
NCT00044291,Canada
NCT00044291,Russia
NCT00044291,Ukraine
NCT00044291,United States
NCT00087022,Argentina
NCT00087022,Brazil
NCT00087022,Canada
NCT00087022,United States
NCT00300508,Austria
NCT00005585,Australia
NCT00005585,Canada
NCT00005585,Netherlands
NCT00005585,Puerto Rico
NCT00005585,Switzerland
NCT00005585,United States
NCT00498225,Japan
NCT00498225,Taiwan
NCT00250276,Denmark
NCT00250276,Lithuania
NCT00250276,Poland
NCT00004001,United States
NCT02149108,Argentina
NCT02149108,Australia
NCT02149108,Austria
NCT02149108,Belgium
NCT02149108,Canada
NCT02149108,Czechia
NCT02149108,Denmark
NCT02149108,France
NCT02149108,Germany
NCT02149108,Hong Kong
NCT02149108,Israel
NCT02149108,Italy
NCT02149108,Japan
NCT02149108,Mexico
NCT02149108,Netherlands
NCT02149108,Poland
NCT02149108,Portugal
NCT02149108,Russia
NCT02149108,South Korea
NCT02149108,Spain
NCT02149108,Sweden
NCT02149108,Taiwan
NCT02149108,Turkey (Türkiye)
NCT02149108,United Kingdom
NCT02149108,United States
NCT00043927,Austria
NCT00043927,Belgium
NCT00043927,Brazil
NCT00043927,Bulgaria
NCT00043927,Canada
NCT00043927,Chile
NCT00043927,China
NCT00043927,Costa Rica
NCT00043927,Czechia
NCT00043927,Estonia
NCT00043927,Finland
NCT00043927,France
NCT00043927,Germany
NCT00043927,Honduras
NCT00043927,Hungary
NCT00043927,Italy
NCT00043927,Jamaica
NCT00043927,Lithuania
NCT00043927,Mexico
NCT00043927,Netherlands
NCT00043927,New Zealand
NCT00043927,Norway
NCT00043927,Panama
NCT00043927,Poland
NCT00043927,Puerto Rico
NCT00043927,Russia
NCT00043927,Singapore
NCT00043927,Slovakia
NCT00043927,South Africa
NCT00043927,South Korea
NCT00043927,Spain
NCT00043927,Taiwan
NCT00043927,United Kingdom
NCT00043927,United States
NCT01802333,Canada
NCT01802333,United States
NCT00940225,Belgium
NCT00940225,Israel
NCT00940225,Taiwan
NCT00940225,United Kingdom
NCT00940225,United States
NCT00028990,Canada
NCT00028990,United States
NCT01674634,United States
NCT01755325,China
NCT00884741,Canada
NCT00884741,Israel
NCT00884741,United States
NCT00003150,United States
NCT00003855,Australia
NCT00003855,Canada
NCT00003855,Ireland
NCT00003855,United States
NCT00828841,United States
NCT00003117,United States
NCT03117049,Japan
NCT03117049,South Korea
NCT03117049,Taiwan
NCT02663908,Canada
NCT02663908,Czechia
NCT02663908,Finland
NCT02663908,France
NCT02663908,Germany
NCT02663908,Greece
NCT02663908,Poland
NCT02663908,Russia
NCT02663908,Slovakia
NCT02663908,South Africa
NCT02663908,United Kingdom
NCT02663908,United States
NCT00165633,Japan
NCT00676507,Canada
NCT00676507,Hungary
NCT00676507,India
NCT00676507,Netherlands
NCT00676507,Poland
NCT00676507,Serbia
NCT00676507,United Kingdom
NCT00676507,United States
NCT00003216,Canada
NCT00003216,United States
NCT00256932,Austria
NCT00256932,Canada
NCT00256932,Denmark
NCT00256932,Estonia
NCT00256932,Finland
NCT00256932,Germany
NCT00256932,Ireland
NCT00256932,Poland
NCT00256932,United Kingdom
NCT00256932,United States
NCT01056341,Australia
NCT01056341,Canada
NCT01056341,Czechia
NCT01056341,France
NCT01056341,Germany
NCT01056341,Hungary
NCT01056341,Italy
NCT01056341,Lithuania
NCT01056341,Mexico
NCT01056341,New Zealand
NCT01056341,Peru
NCT01056341,Poland
NCT01056341,Romania
NCT01056341,Russia
NCT01056341,Spain
NCT01056341,United States
NCT00474786,Argentina
NCT00474786,Australia
NCT00474786,Austria
NCT00474786,Canada
NCT00474786,Chile
NCT00474786,China
NCT00474786,Denmark
NCT00474786,Finland
NCT00474786,France
NCT00474786,Germany
NCT00474786,Hungary
NCT00474786,Italy
NCT00474786,Netherlands
NCT00474786,Singapore
NCT00474786,South Korea
NCT00474786,Spain
NCT00474786,Sweden
NCT00474786,Switzerland
NCT00474786,United Kingdom
NCT00474786,United States
NCT00293358,Ireland
NCT00293358,United Kingdom
NCT01482442,France
NCT02715804,Australia
NCT02715804,Belgium
NCT02715804,Brazil
NCT02715804,Canada
NCT02715804,Croatia
NCT02715804,Czechia
NCT02715804,Denmark
NCT02715804,Estonia
NCT02715804,France
NCT02715804,Germany
NCT02715804,Hungary
NCT02715804,Israel
NCT02715804,Italy
NCT02715804,Latvia
NCT02715804,Lithuania
NCT02715804,Netherlands
NCT02715804,Poland
NCT02715804,South Korea
NCT02715804,Spain
NCT02715804,Taiwan
NCT02715804,United Kingdom
NCT02715804,United States
NCT02412878,Australia
NCT02412878,Belgium
NCT02412878,Canada
NCT02412878,Czechia
NCT02412878,Denmark
NCT02412878,Finland
NCT02412878,France
NCT02412878,Germany
NCT02412878,Greece
NCT02412878,Hungary
NCT02412878,Italy
NCT02412878,Japan
NCT02412878,New Zealand
NCT02412878,Norway
NCT02412878,Poland
NCT02412878,Romania
NCT02412878,Spain
NCT02412878,Sweden
NCT02412878,United Kingdom
NCT02412878,United States
NCT01831466,Canada
NCT01831466,Denmark
NCT01831466,Poland
NCT01831466,United States
NCT01962987,United States
NCT00004179,Australia
NCT00004179,Belgium
NCT00004179,Canada
NCT00004179,Denmark
NCT00004179,Egypt
NCT00004179,France
NCT00004179,Hungary
NCT00004179,Italy
NCT00004179,Netherlands
NCT00004179,New Zealand
NCT00004179,Norway
NCT00004179,Poland
NCT00004179,Portugal
NCT00004179,Slovakia
NCT00004179,Slovenia
NCT00004179,South Africa
NCT00004179,Sweden
NCT00004179,United Kingdom
NCT00002568,United States
NCT01311687,Australia
NCT01311687,Belgium
NCT01311687,Canada
NCT01311687,Czechia
NCT01311687,Denmark
NCT01311687,France
NCT01311687,Germany
NCT01311687,Greece
NCT01311687,Italy
NCT01311687,Netherlands
NCT01311687,Russia
NCT01311687,Spain
NCT01311687,Sweden
NCT01311687,Switzerland
NCT01311687,United Kingdom
NCT01311687,United States
NCT01789216,United States
NCT02178722,United States
NCT02654769,United States
NCT03959241,United States
NCT00085202,Australia
NCT00085202,Canada
NCT00085202,United States
NCT00738699,Australia
NCT00738699,Belgium
NCT00738699,Canada
NCT00738699,Netherlands
NCT00738699,Spain
NCT00738699,United States
NCT02654054,Canada
NCT02654054,Puerto Rico
NCT02654054,United States
NCT00133224,Belgium
NCT00133224,Canada
NCT00133224,France
NCT00133224,Germany
NCT00133224,Italy
NCT00133224,Netherlands
NCT00133224,Poland
NCT00133224,Sweden
NCT00133224,United Kingdom
NCT00133224,United States
NCT03686215,United States
NCT02981368,Canada
NCT02981368,United States
NCT00455533,Argentina
NCT00455533,Austria
NCT00455533,France
NCT00455533,Germany
NCT00455533,India
NCT00455533,Italy
NCT00455533,Peru
NCT00455533,Philippines
NCT00455533,Russia
NCT00455533,Singapore
NCT00455533,South Korea
NCT00455533,Spain
NCT00455533,Taiwan
NCT00455533,United Kingdom
NCT00455533,United States
NCT01126190,Bulgaria
NCT01126190,Romania
NCT01126190,Russia
NCT01126190,Serbia
NCT01126190,Ukraine
NCT00658580,Belgium
NCT00658580,France
NCT00658580,Greece
NCT00658580,Spain
NCT01327235,China
NCT01872988,Taiwan
NCT02147990,Australia
NCT02147990,Canada
NCT02147990,France
NCT02147990,Germany
NCT02147990,Hong Kong
NCT02147990,Netherlands
NCT02147990,South Korea
NCT02147990,Spain
NCT02147990,Switzerland
NCT02147990,Taiwan
NCT02147990,United Kingdom
NCT02147990,United States
NCT03976102,United States
NCT00002920,United States
NCT02659020,Australia
NCT02659020,France
NCT02659020,Germany
NCT02659020,Hungary
NCT02659020,Israel
NCT02659020,Italy
NCT02659020,Poland
NCT02659020,Spain
NCT02659020,United Kingdom
NCT02659020,United States
NCT02004262,Canada
NCT02004262,United States
NCT01395524,Australia
NCT01395524,Germany
NCT01395524,Slovakia
NCT01395524,United States
NCT05678621,Australia
NCT00639327,Japan
NCT01598298,United States
NCT01450696,Australia
NCT01450696,Bosnia and Herzegovina
NCT01450696,Brazil
NCT01450696,Chile
NCT01450696,China
NCT01450696,Czechia
NCT01450696,Germany
NCT01450696,Hungary
NCT01450696,Italy
NCT01450696,Mexico
NCT01450696,New Zealand
NCT01450696,Panama
NCT01450696,Peru
NCT01450696,Philippines
NCT01450696,Poland
NCT01450696,Portugal
NCT01450696,Russia
NCT01450696,Serbia
NCT01450696,South Africa
NCT01450696,South Korea
NCT01450696,Spain
NCT01450696,Turkey (Türkiye)
NCT01450696,Ukraine
NCT01450696,United Kingdom
NCT01450696,United States
NCT00320385,Austria
NCT00320385,Bulgaria
NCT00320385,Canada
NCT00320385,Croatia
NCT00320385,Czechia
NCT00320385,Finland
NCT00320385,Germany
NCT00320385,Greece
NCT00320385,Italy
NCT00320385,Poland
NCT00320385,Spain
NCT00320385,United Kingdom
NCT00320385,United States
NCT00558363,Estonia
NCT00558363,Finland
NCT00558363,France
NCT00558363,Germany
NCT00558363,Netherlands
NCT00558363,Russia
NCT00558363,Spain
NCT00558363,Sweden
NCT00558363,United Kingdom
NCT00303771,France
NCT02822573,United States
NCT00382720,Belgium
NCT00382720,France
NCT00382720,Germany
NCT00382720,Hungary
NCT00382720,Italy
NCT00382720,Portugal
NCT00382720,Russia
NCT00382720,Spain
NCT00382720,Switzerland
NCT00382720,Turkey (Türkiye)
NCT00382720,United Kingdom
NCT00382720,United States
NCT01479465,France
NCT01479465,Germany
NCT01479465,Italy
NCT01479465,Poland
NCT01479465,Russia
NCT01479465,Spain
NCT01479465,United States
NCT02747043,Australia
NCT02747043,Bulgaria
NCT02747043,Canada
NCT02747043,Colombia
NCT02747043,Czechia
NCT02747043,France
NCT02747043,Georgia
NCT02747043,Germany
NCT02747043,Greece
NCT02747043,India
NCT02747043,Israel
NCT02747043,Italy
NCT02747043,Japan
NCT02747043,Mexico
NCT02747043,Poland
NCT02747043,Romania
NCT02747043,South Korea
NCT02747043,Spain
NCT02747043,Ukraine
NCT02747043,United States
NCT00335543,Austria
NCT00335543,Germany
NCT00335543,Switzerland
NCT00002727,Canada
NCT00002727,United States
NCT00085501,United States
NCT00005866,Canada
NCT00005866,United States
NCT00090376,United States
NCT02785900,Australia
NCT02785900,Austria
NCT02785900,Belgium
NCT02785900,Czechia
NCT02785900,France
NCT02785900,Germany
NCT02785900,Hungary
NCT02785900,Israel
NCT02785900,Italy
NCT02785900,Luxembourg
NCT02785900,Poland
NCT02785900,South Korea
NCT02785900,Spain
NCT02785900,Taiwan
NCT02785900,United Kingdom
NCT02785900,United States
NCT00039910,Australia
NCT00039910,France
NCT00039910,Greece
NCT00039910,Hong Kong
NCT00039910,Poland
NCT00039910,Russia
NCT00039910,Singapore
NCT00039910,United States
NCT01940497,Italy
NCT00191243,Finland
NCT01387932,Belgium
NCT01387932,France
NCT01387932,Greece
NCT01387932,Italy
NCT01387932,United States
NCT02546102,Austria
NCT02546102,Canada
NCT02546102,United States
NCT01229813,Denmark
NCT01229813,Sweden
NCT00190476,Japan
NCT00083187,France
NCT00083187,United Kingdom
NCT00083187,United States
NCT01276379,Spain
NCT00002105,United States
NCT00005578,Canada
NCT00005578,Switzerland
NCT00005578,United States
NCT01309126,France
NCT01309126,Germany
NCT01309126,Puerto Rico
NCT01309126,United States
NCT00054418,Canada
NCT00054418,United States
NCT00003267,Austria
NCT00003267,Belgium
NCT00003267,France
NCT00003267,Germany
NCT00003267,Italy
NCT00003267,Netherlands
NCT00003267,Portugal
NCT00003267,Spain
NCT00289640,Australia
NCT00289640,Belgium
NCT00289640,Brazil
NCT00289640,Canada
NCT00289640,Czechia
NCT00289640,France
NCT00289640,Germany
NCT00289640,Hungary
NCT00289640,South Africa
NCT00289640,United States
NCT02980731,Argentina
NCT02980731,Australia
NCT02980731,Bulgaria
NCT02980731,Hong Kong
NCT02980731,Hungary
NCT02980731,Mexico
NCT02980731,New Zealand
NCT02980731,Poland
NCT02980731,Russia
NCT02980731,Taiwan
NCT04597801,Germany
NCT00956813,United States
NCT01310036,Hong Kong
NCT01310036,South Korea
NCT01310036,Taiwan
NCT01310036,Thailand
NCT01022346,Belgium
NCT01022346,Finland
NCT01022346,France
NCT01022346,Puerto Rico
NCT01022346,Spain
NCT01022346,United States
NCT01776307,United States
NCT00047112,Belgium
NCT00047112,France
NCT00047112,Germany
NCT00047112,Netherlands
NCT00609622,Denmark
NCT00609622,Germany
NCT00609622,Japan
NCT00609622,United States
NCT00671918,Israel
NCT00671918,United States
NCT03516084,China
NCT00601640,United States
NCT01237678,Canada
NCT01237678,Spain
NCT01237678,United Kingdom
NCT01237678,United States
NCT02400788,Japan
NCT02400788,South Korea
NCT00093002,Austria
NCT00093002,Brazil
NCT00093002,Germany
NCT00093002,India
NCT00093002,United Kingdom
NCT00093002,United States
NCT02038647,Belgium
NCT02038647,Canada
NCT02038647,Czechia
NCT02038647,France
NCT02038647,Germany
NCT02038647,Hungary
NCT02038647,Italy
NCT02038647,Poland
NCT02038647,Spain
NCT02038647,United States
NCT01546649,Japan
NCT01132807,United States
NCT00050830,Canada
NCT00050830,Germany
NCT00050830,Ireland
NCT00050830,Italy
NCT00050830,Netherlands
NCT00050830,Spain
NCT00050830,United Kingdom
NCT00050830,United States
NCT02046603,United Kingdom
NCT06301165,China
NCT02609828,Argentina
NCT02609828,Australia
NCT02609828,Austria
NCT02609828,Brazil
NCT02609828,Chile
NCT02609828,China
NCT02609828,Czechia
NCT02609828,Hungary
NCT02609828,Israel
NCT02609828,Japan
NCT02609828,Poland
NCT02609828,Romania
NCT02609828,Slovakia
NCT02609828,South Korea
NCT02609828,Spain
NCT02609828,United Kingdom
NCT00327535,Australia
NCT00327535,Austria
NCT00327535,Belgium
NCT00327535,Canada
NCT00327535,Czechia
NCT00327535,Estonia
NCT00327535,Finland
NCT00327535,France
NCT00327535,Germany
NCT00327535,Greece
NCT00327535,Hong Kong
NCT00327535,Hungary
NCT00327535,Italy
NCT00327535,Poland
NCT00327535,Spain
NCT00089141,Canada
NCT00089141,United States
NCT00115700,Australia
NCT00115700,Canada
NCT00115700,New Zealand
NCT02004093,Belgium
NCT02004093,Canada
NCT02004093,Hungary
NCT02004093,Italy
NCT02004093,Netherlands
NCT02004093,Poland
NCT02004093,Russia
NCT02004093,Spain
NCT02004093,United Kingdom
NCT00095875,Germany
NCT00095875,United States
NCT01585987,France
NCT01585987,Germany
NCT01585987,Hong Kong
NCT01585987,Italy
NCT01585987,Japan
NCT01585987,Poland
NCT01585987,Russia
NCT01585987,Singapore
NCT01585987,South Korea
NCT01585987,Spain
NCT01585987,Taiwan
NCT01585987,United States
NCT02295930,Italy
NCT00438100,Japan
NCT01107457,Denmark
NCT01107457,United States
NCT01008150,Canada
NCT01008150,Italy
NCT01008150,Puerto Rico
NCT01008150,Spain
NCT01008150,United States
NCT01685060,Canada
NCT01685060,France
NCT01685060,Germany
NCT01685060,Hong Kong
NCT01685060,Italy
NCT01685060,Japan
NCT01685060,Netherlands
NCT01685060,Singapore
NCT01685060,South Korea
NCT01685060,Spain
NCT01685060,United Kingdom
NCT01685060,United States
NCT00139711,Italy
NCT02234115,Austria
NCT02234115,Czechia
NCT02234115,Germany
NCT02234115,Lithuania
NCT02234115,Poland
NCT02234115,Slovakia
NCT02234115,Taiwan
NCT02234115,United States
NCT00045110,United States
NCT01259817,Italy
NCT01259817,United States
NCT01774578,United States
NCT00064298,United States
NCT02361099,France
NCT01874587,France
NCT02042690,China
NCT00217438,United States
NCT00081263,United States
NCT00525148,Taiwan
NCT00525148,United States
NCT00160069,Germany
NCT00942162,France
NCT00942162,Germany
NCT00942162,Ireland
NCT00942162,Italy
NCT00942162,Poland
NCT00942162,Russia
NCT00942162,Spain
NCT00942162,United States
NCT00557817,Belgium
NCT00623805,Turkey (Türkiye)
NCT01810705,France
NCT00540358,United States
NCT02605967,China
NCT02605967,France
NCT02605967,Hong Kong
NCT02605967,Singapore
NCT02605967,Taiwan
NCT02605967,Thailand
NCT02605967,United States
NCT02371369,Australia
NCT02371369,Canada
NCT02371369,Denmark
NCT02371369,France
NCT02371369,Germany
NCT02371369,Hungary
NCT02371369,Italy
NCT02371369,Netherlands
NCT02371369,Poland
NCT02371369,Spain
NCT02371369,United Kingdom
NCT02371369,United States
NCT01358071,Italy
NCT01358071,United Kingdom
NCT00550537,United States
NCT00005980,Austria
NCT00005980,France
NCT00005980,Greece
NCT00005980,Israel
NCT00005980,Italy
NCT00005980,Netherlands
NCT00005980,Spain
NCT00005980,Switzerland
NCT00005980,United Kingdom
NCT00831844,Australia
NCT00831844,Canada
NCT00831844,United States
NCT03861793,Canada
NCT03861793,Netherlands
NCT03861793,South Korea
NCT03861793,Spain
NCT03861793,Taiwan
NCT03861793,United States
NCT04840238,Hungary
NCT01236391,Germany
NCT01236391,Poland
NCT01236391,United Kingdom
NCT01236391,United States
NCT02945813,France
NCT02945813,Germany
NCT02945813,Switzerland
NCT00219557,Belgium
NCT00219557,Canada
NCT00219557,France
NCT00219557,Germany
NCT00219557,Italy
NCT00219557,Spain
NCT00219557,United Kingdom
NCT00219557,United States
NCT01257425,Germany
NCT03001219,Argentina
NCT03001219,Austria
NCT03001219,Colombia
NCT03001219,Germany
NCT03001219,Guatemala
NCT03001219,Italy
NCT03001219,Mexico
NCT03001219,Peru
NCT03001219,Spain
NCT03001219,United Kingdom
NCT03001219,United States
NCT05231044,Japan
NCT01121848,Canada
NCT01439711,United States
NCT02981342,Australia
NCT02981342,Belgium
NCT02981342,France
NCT02981342,Israel
NCT02981342,Spain
NCT02981342,Taiwan
NCT02981342,United Kingdom
NCT02981342,United States
NCT02498860,South Korea
NCT01005199,Austria
NCT01005199,Hungary
NCT01005199,Switzerland
NCT02913612,United States
NCT00423332,Netherlands
NCT00423332,United Kingdom
NCT01310816,Australia
NCT01310816,Austria
NCT01310816,Canada
NCT01310816,France
NCT01310816,Germany
NCT01310816,Italy
NCT01310816,Netherlands
NCT01310816,Norway
NCT01310816,Poland
NCT01310816,Russia
NCT01310816,Sweden
NCT01310816,United Kingdom
NCT01310816,United States
NCT00477529,United States
NCT00003784,United States
NCT00110994,United States
NCT03382899,United States
NCT01940276,United States
NCT01884259,Austria
NCT06537843,Brazil
NCT02470533,Belgium
NCT02470533,France
NCT02470533,Netherlands
NCT06520176,China
NCT00103389,Australia
NCT00659438,France
NCT00385580,France
NCT00385580,Italy
NCT00385580,United States
NCT00556127,Italy
NCT01040000,United States
NCT00335764,United States
NCT01101334,Germany
NCT01101334,India
NCT01101334,South Korea
NCT01101334,United States
NCT01084083,United States
NCT00036868,Belgium
NCT00036868,Denmark
NCT00036868,Egypt
NCT00036868,France
NCT00036868,Netherlands
NCT00036868,Poland
NCT00036868,Serbia
NCT00036868,South Africa
NCT00036868,United Kingdom
NCT00850382,Austria
NCT00850382,Germany
NCT00710710,Austria
NCT00710710,Germany
NCT01229150,United States
NCT00297648,Belgium
NCT00297648,France
NCT00297648,Germany
NCT02609984,United States
NCT00004137,United States
NCT01402271,Belgium
NCT01402271,Netherlands
NCT01402271,Spain
NCT00282022,United States
NCT01295307,Germany
NCT00136487,United States
NCT00021229,United States
NCT00733850,United States
NCT00390611,United States
NCT00116675,United States
NCT02034916,France
NCT02034916,Germany
NCT02034916,Spain
NCT02034916,United Kingdom
NCT02034916,United States
NCT06251947,China
NCT00258388,Canada
NCT00258388,United States
NCT01685983,South Korea
NCT01685983,Taiwan
NCT01653743,Japan
NCT00148668,United States
NCT00778102,Austria
NCT00778102,France
NCT00778102,Spain
NCT00778102,United Kingdom
NCT00507429,Belarus
NCT00507429,Bulgaria
NCT00507429,Egypt
NCT00507429,India
NCT00507429,Israel
NCT00507429,Italy
NCT00507429,Poland
NCT00507429,Romania
NCT00507429,Russia
NCT00507429,Ukraine
NCT00507429,United Kingdom
NCT00507429,United States
NCT01496118,United States
NCT00044343,Canada
NCT00044343,United States
NCT00101010,United States
NCT00087997,Canada
NCT00087997,United States
NCT00004026,United States
NCT02491892,Australia
NCT02491892,Belgium
NCT02491892,Finland
NCT02491892,Germany
NCT02491892,Italy
NCT02491892,Netherlands
NCT02491892,Spain
NCT02491892,United Kingdom
NCT00005803,Germany
NCT00005803,United States
NCT01429064,Czechia
NCT01429064,Estonia
NCT01429064,Finland
NCT01429064,France
NCT01429064,United Kingdom
NCT01429064,United States
NCT00003361,United States
NCT00003254,United States
NCT00354562,Canada
NCT00354562,Ireland
NCT00354562,United Kingdom
NCT00354562,United States
NCT02358356,Australia
NCT01397929,United Kingdom
NCT00126503,United States
NCT02304770,China
NCT00910091,Belgium
NCT00910091,Czechia
NCT00910091,France
NCT00910091,Hungary
NCT00910091,Latvia
NCT00910091,Lithuania
NCT00910091,Moldova
NCT00910091,Poland
NCT00910091,Russia
NCT00910091,Spain
NCT00910091,Ukraine
NCT00910091,United Kingdom
NCT02799901,France
NCT00005997,United States
NCT00569673,United States
NCT01733797,United Kingdom
NCT02888990,Belgium
NCT02888990,France
NCT02888990,Germany
NCT02888990,Italy
NCT01972672,China
NCT00066794,United States
NCT00525590,United States
NCT01431391,United States
NCT00057785,United States
NCT03772587,Belgium
NCT03772587,Canada
NCT03772587,Germany
NCT03772587,Italy
NCT03772587,Poland
NCT03772587,Spain
NCT03772587,United Kingdom
NCT03772587,United States
NCT02077634,Germany
NCT02659514,United States
NCT01254513,France
NCT00838578,United States
NCT02028988,United States
NCT03472560,Hungary
NCT03472560,Italy
NCT03472560,Poland
NCT03472560,Russia
NCT03472560,South Korea
NCT03472560,Spain
NCT03472560,Taiwan
NCT03472560,United States
NCT00377780,Netherlands
NCT00243503,Belgium
NCT00243503,Canada
NCT00243503,France
NCT00243503,Spain
NCT00243503,United States
NCT00004017,United States
NCT01569087,Russia
NCT03352934,Germany
NCT02531737,France
NCT00003671,Canada
NCT00003671,Netherlands
NCT00003671,Puerto Rico
NCT00003671,Switzerland
NCT00003671,United States
NCT00227630,Belgium
NCT00227630,Italy
NCT00227630,Netherlands
NCT00227630,United Kingdom
NCT00006007,Canada
NCT00006007,United States
NCT01112527,United States
NCT02573935,Denmark
NCT00888615,United States
NCT02648724,Denmark
NCT02648724,Hong Kong
NCT02648724,South Korea
NCT02648724,Spain
NCT02648724,Taiwan
NCT02648724,United States
NCT01662050,Italy
NCT00559845,Italy
NCT02685826,Canada
NCT02685826,Denmark
NCT02685826,Finland
NCT02685826,Germany
NCT02685826,Italy
NCT02685826,Netherlands
NCT02685826,Spain
NCT02685826,United States
NCT00814541,Ireland
NCT00814541,United Kingdom
NCT02843074,United States
NCT00098553,United States
NCT00601627,United States
NCT01334515,Canada
NCT01334515,United States
NCT00389441,Canada
NCT00389441,China
NCT00389441,Czechia
NCT00389441,India
NCT00389441,Italy
NCT00389441,Poland
NCT00389441,Spain
NCT00389441,United Kingdom
NCT00389441,United States
NCT02742090,United States
NCT00281970,United States
NCT06236269,Spain
NCT00055718,Canada
NCT00055718,United States
NCT02095717,France
NCT00615758,Greece
NCT01159171,Italy
NCT03476798,United States
NCT02971956,United States
NCT00002938,United States
NCT00304083,United States
NCT02291913,United States
NCT00407563,United States
NCT02087176,United States
NCT00100685,United States
NCT00595088,Israel
NCT00595088,United States
NCT03513952,United States
NCT00544817,United States
NCT00280150,United States
NCT00992186,Belgium
NCT00992186,Russia
NCT00992186,United Kingdom
NCT00992186,United States
NCT02961374,Puerto Rico
NCT02961374,United States
NCT00391586,United States
NCT02608073,Hong Kong
NCT02608073,Indonesia
NCT02608073,Malaysia
NCT02608073,Taiwan
NCT02608073,Thailand
NCT00744900,France
NCT02544789,China
NCT00643890,United States
NCT00398398,South Korea
NCT01013779,Australia
NCT03925246,France
NCT02323113,Canada
NCT02323113,United States
NCT03717155,Hungary
NCT03717155,Serbia
NCT03717155,Spain
NCT01227707,Italy
NCT03322215,Sweden
NCT03322215,United Kingdom
NCT00337129,United States
NCT04065789,Israel
NCT00319735,United States
NCT02478957,France
NCT02478957,Germany
NCT02478957,Italy
NCT02478957,Netherlands
NCT02478957,Spain
NCT00910741,Singapore
NCT00910741,Taiwan
NCT03138083,Belgium
NCT03138083,France
NCT03138083,Netherlands
NCT03138083,United Kingdom
NCT03138083,United States
NCT00005810,United States
NCT01891227,Austria
NCT00514085,Canada
NCT00984334,Germany
NCT00984334,United Kingdom
NCT03283761,United States
NCT00068458,United States
NCT00431613,Greece
NCT01310855,United Kingdom
NCT00933816,Japan
NCT04224740,Brazil
NCT00403429,Italy
NCT00003666,United States
NCT00216203,United States
NCT00027573,United States
NCT02616393,United States
NCT03429244,United States
NCT01215136,United States
NCT01336933,United States
NCT00245050,United States
NCT00389155,Australia
NCT00389155,Belgium
NCT00389155,Canada
NCT00389155,Denmark
NCT00389155,France
NCT00389155,Greece
NCT00389155,Indonesia
NCT00389155,Italy
NCT00389155,Philippines
NCT00389155,Poland
NCT00389155,Russia
NCT00389155,South Korea
NCT00389155,Spain
NCT00389155,Thailand
NCT00389155,United Kingdom
NCT00389155,United States
NCT00134680,United States
NCT01326559,China
NCT00409292,United States
NCT01177683,United States
NCT00006462,Australia
NCT00006462,Canada
NCT00006462,Netherlands
NCT00006462,New Zealand
NCT00006462,Puerto Rico
NCT00006462,Switzerland
NCT00006462,United States
NCT01295697,United States
NCT00499239,Czechia
NCT00499239,Russia
NCT00499239,United States
NCT02927925,China
NCT02927925,Hong Kong
NCT02927925,Singapore
NCT02927925,South Korea
NCT02927925,Taiwan
NCT00998192,United States
NCT02261714,Norway
NCT02261714,Spain
NCT02261714,United Kingdom
NCT00546780,Canada
NCT00546780,United States
NCT01267266,United States
NCT00617773,Brazil
NCT02993094,Austria
NCT01054625,Belgium
NCT01054625,Hungary
NCT01054625,Slovakia
NCT01054625,United Kingdom
NCT00547534,United States
NCT02948075,Russia
NCT03254927,United States
NCT00270894,United States
NCT00802113,United States
NCT02912676,Denmark
NCT00217607,France
NCT02764333,United States
NCT01854034,United States
NCT00005644,United States
NCT00005966,Australia
NCT00005966,Peru
NCT00005966,Puerto Rico
NCT00005966,United States
NCT00002873,Canada
NCT00002873,United States
NCT00019422,Australia
NCT00019422,Canada
NCT00019422,Netherlands
NCT00019422,New Zealand
NCT00019422,Puerto Rico
NCT00019422,Switzerland
NCT00019422,United States
NCT00029029,United States
NCT00003054,Canada
NCT00003054,United States
NCT00006080,United States
NCT00161980,Austria
NCT00161980,France
NCT00161980,Germany
NCT00161980,Italy
NCT00099879,Belgium
NCT00099879,France
NCT00099879,Italy
NCT00099879,Netherlands
NCT00099879,Spain
NCT00099879,United Kingdom
NCT00099879,United States
NCT00004125,United States
NCT00072579,United States
NCT00051480,United States
NCT00002478,United States
NCT00083434,United States
NCT00003334,United States
NCT00034593,Finland
NCT00034593,France
NCT00034593,Germany
NCT00030563,Canada
NCT00030563,United States
NCT00006268,United States
NCT00002319,United States
NCT00058149,South Africa
NCT00058149,United States
NCT00003140,Canada
NCT00003140,United Kingdom
NCT05564390,Canada
NCT05564390,Puerto Rico
NCT05564390,United States
NCT03979014,Finland
NCT03979014,Sweden
NCT03979014,United Kingdom
NCT07216703,Argentina
NCT07216703,Austria
NCT07216703,Belgium
NCT07216703,Brazil
NCT07216703,Canada
NCT07216703,Chile
NCT07216703,Colombia
NCT07216703,Czechia
NCT07216703,France
NCT07216703,Germany
NCT07216703,Greece
NCT07216703,Hungary
NCT07216703,India
NCT07216703,Ireland
NCT07216703,Israel
NCT07216703,Italy
NCT07216703,Japan
NCT07216703,Mexico
NCT07216703,Poland
NCT07216703,South Africa
NCT07216703,South Korea
NCT07216703,Spain
NCT07216703,Sweden
NCT07216703,Taiwan
NCT07216703,Thailand
NCT07216703,United Kingdom
NCT07216703,United States
NCT05009082,Germany
NCT00400946,Canada
NCT00400946,United States
NCT07705074,Switzerland
NCT07365995,United States
NCT06758401,Argentina
NCT06758401,Australia
NCT06758401,Austria
NCT06758401,Belgium
NCT06758401,Brazil
NCT06758401,Bulgaria
NCT06758401,Canada
NCT06758401,Chile
NCT06758401,China
NCT06758401,Czechia
NCT06758401,France
NCT06758401,Germany
NCT06758401,Greece
NCT06758401,Hungary
NCT06758401,India
NCT06758401,Israel
NCT06758401,Italy
NCT06758401,Japan
NCT06758401,Mexico
NCT06758401,Netherlands
NCT06758401,Poland
NCT06758401,Romania
NCT06758401,Saudi Arabia
NCT06758401,Slovakia
NCT06758401,South Korea
NCT06758401,Spain
NCT06758401,Switzerland
NCT06758401,Taiwan
NCT06758401,Turkey (Türkiye)
NCT06758401,United Kingdom
NCT06758401,United States
NCT07022483,Argentina
NCT07022483,Chile
NCT07022483,China
NCT07022483,France
NCT07022483,Germany
NCT07022483,Italy
NCT07022483,Japan
NCT07022483,Poland
NCT07022483,Portugal
NCT07022483,South Korea
NCT07022483,Spain
NCT07022483,Taiwan
NCT07022483,United States
NCT06890598,Australia
NCT06890598,Austria
NCT06890598,Belgium
NCT06890598,Brazil
NCT06890598,Chile
NCT06890598,China
NCT06890598,Czechia
NCT06890598,France
NCT06890598,Germany
NCT06890598,Greece
NCT06890598,Hungary
NCT06890598,India
NCT06890598,Israel
NCT06890598,Italy
NCT06890598,Japan
NCT06890598,Netherlands
NCT06890598,Norway
NCT06890598,Poland
NCT06890598,Portugal
NCT06890598,Romania
NCT06890598,Slovakia
NCT06890598,South Korea
NCT06890598,Spain
NCT06890598,Sweden
NCT06890598,Switzerland
NCT06890598,Taiwan
NCT06890598,Turkey (Türkiye)
NCT06890598,United Kingdom
NCT06890598,United States
NCT00418886,Argentina
NCT00418886,Australia
NCT00418886,Belgium
NCT00418886,Colombia
NCT00418886,France
NCT00418886,Germany
NCT00418886,Greece
NCT00418886,Hong Kong
NCT00418886,India
NCT00418886,Israel
NCT00418886,Italy
NCT00418886,Mexico
NCT00418886,Philippines
NCT00418886,Portugal
NCT00418886,South Africa
NCT00418886,Spain
NCT00418886,Sweden
NCT00418886,Taiwan
NCT00418886,United Kingdom
NCT00418886,United States
NCT00418886,Venezuela
NCT06109272,France
NCT06109272,Italy
NCT06109272,Puerto Rico
NCT06109272,Spain
NCT06109272,Taiwan
NCT06109272,United States
NCT05132582,Australia
NCT05132582,Austria
NCT05132582,Belgium
NCT05132582,Brazil
NCT05132582,Canada
NCT05132582,Chile
NCT05132582,China
NCT05132582,Czechia
NCT05132582,Finland
NCT05132582,France
NCT05132582,Germany
NCT05132582,Greece
NCT05132582,Italy
NCT05132582,Japan
NCT05132582,Netherlands
NCT05132582,Poland
NCT05132582,Portugal
NCT05132582,South Korea
NCT05132582,Spain
NCT05132582,Switzerland
NCT05132582,Taiwan
NCT05132582,United Kingdom
NCT05132582,United States
NCT03783442,Australia
NCT03783442,Belgium
NCT03783442,China
NCT03783442,Czechia
NCT03783442,France
NCT03783442,Germany
NCT03783442,Italy
NCT03783442,Japan
NCT03783442,Poland
NCT03783442,Romania
NCT03783442,Russia
NCT03783442,South Korea
NCT03783442,Spain
NCT03783442,Taiwan
NCT03783442,United Kingdom
NCT03783442,United States
NCT05654623,Argentina
NCT05654623,Australia
NCT05654623,Austria
NCT05654623,Belgium
NCT05654623,Brazil
NCT05654623,Bulgaria
NCT05654623,Canada
NCT05654623,China
NCT05654623,Czechia
NCT05654623,Finland
NCT05654623,France
NCT05654623,Germany
NCT05654623,Greece
NCT05654623,Hungary
NCT05654623,India
NCT05654623,Israel
NCT05654623,Italy
NCT05654623,Japan
NCT05654623,Mexico
NCT05654623,Poland
NCT05654623,Puerto Rico
NCT05654623,Slovakia
NCT05654623,South Africa
NCT05654623,South Korea
NCT05654623,Spain
NCT05654623,Sweden
NCT05654623,Switzerland
NCT05654623,Taiwan
NCT05654623,Turkey (Türkiye)
NCT05654623,United Kingdom
NCT05654623,United States
NCT06793215,Argentina
NCT06793215,Australia
NCT06793215,Belgium
NCT06793215,Brazil
NCT06793215,Canada
NCT06793215,China
NCT06793215,Denmark
NCT06793215,France
NCT06793215,Germany
NCT06793215,Greece
NCT06793215,Hong Kong
NCT06793215,Hungary
NCT06793215,Ireland
NCT06793215,Italy
NCT06793215,Japan
NCT06793215,Mexico
NCT06793215,Netherlands
NCT06793215,New Zealand
NCT06793215,Poland
NCT06793215,Portugal
NCT06793215,Singapore
NCT06793215,South Africa
NCT06793215,South Korea
NCT06793215,Spain
NCT06793215,Switzerland
NCT06793215,Taiwan
NCT06793215,United Kingdom
NCT06793215,United States
NCT07228832,Belgium
NCT07228832,Canada
NCT07228832,Czechia
NCT07228832,France
NCT07228832,Germany
NCT07228832,Italy
NCT07228832,Japan
NCT07228832,Poland
NCT07228832,Puerto Rico
NCT07228832,Spain
NCT07228832,United Kingdom
NCT07228832,United States
NCT05867420,China
NCT05867420,United States
NCT00006721,United States
NCT06188520,Australia
NCT06188520,South Korea
NCT06188520,Spain
NCT06188520,United Kingdom
NCT06188520,United States
NCT02112656,Canada
NCT02112656,China
NCT02112656,Germany
NCT02112656,Hong Kong
NCT02112656,Italy
NCT02112656,Malaysia
NCT02112656,Philippines
NCT02112656,Singapore
NCT02112656,South Korea
NCT02112656,Spain
NCT02112656,Taiwan
NCT02112656,Thailand
NCT02112656,United States
NCT02112656,Vietnam
NCT06712472,France
NCT06652633,Belgium
NCT06652633,Finland
NCT06652633,Netherlands
NCT06652633,Spain
NCT06652633,United States
NCT07728188,Australia
NCT07728188,Canada
NCT07728188,France
NCT07728188,Germany
NCT07728188,Hungary
NCT07728188,Italy
NCT07728188,Netherlands
NCT07728188,Norway
NCT07728188,Portugal
NCT07728188,Spain
NCT07728188,Taiwan
NCT07728188,United Kingdom
NCT07728188,United States
NCT02559778,Canada
NCT02559778,United States
NCT06384807,United States
NCT00220792,United States
NCT06172296,Australia
NCT06172296,Canada
NCT06172296,New Zealand
NCT06172296,Puerto Rico
NCT06172296,United States
NCT05092360,Australia
NCT05092360,Austria
NCT05092360,Belgium
NCT05092360,Canada
NCT05092360,Czechia
NCT05092360,France
NCT05092360,Germany
NCT05092360,Italy
NCT05092360,Singapore
NCT05092360,South Korea
NCT05092360,Spain
NCT05092360,Taiwan
NCT05092360,United Kingdom
NCT05092360,United States
NCT04209855,Australia
NCT04209855,Belgium
NCT04209855,Bulgaria
NCT04209855,Canada
NCT04209855,China
NCT04209855,Czechia
NCT04209855,France
NCT04209855,Germany
NCT04209855,Israel
NCT04209855,Italy
NCT04209855,Netherlands
NCT04209855,Poland
NCT04209855,Portugal
NCT04209855,Russia
NCT04209855,Serbia
NCT04209855,South Korea
NCT04209855,Spain
NCT04209855,Taiwan
NCT04209855,Ukraine
NCT04209855,United Kingdom
NCT04209855,United States
NCT06885034,Australia
NCT06885034,Belgium
NCT06885034,Brazil
NCT06885034,Canada
NCT06885034,Finland
NCT06885034,France
NCT06885034,Germany
NCT06885034,Italy
NCT06885034,Japan
NCT06885034,Mexico
NCT06885034,Netherlands
NCT06885034,Norway
NCT06885034,Panama
NCT06885034,Poland
NCT06885034,South Korea
NCT06885034,Spain
NCT06885034,Sweden
NCT06885034,United Kingdom
NCT06885034,United States
NCT07218380,Australia
NCT07218380,Brazil
NCT07218380,Canada
NCT07218380,China
NCT07218380,Czechia
NCT07218380,Denmark
NCT07218380,France
NCT07218380,Germany
NCT07218380,Hungary
NCT07218380,Italy
NCT07218380,Japan
NCT07218380,Netherlands
NCT07218380,Poland
NCT07218380,South Korea
NCT07218380,Spain
NCT07218380,Taiwan
NCT07218380,Turkey (Türkiye)
NCT07218380,United Kingdom
NCT07218380,United States
NCT05382286,Argentina
NCT05382286,Australia
NCT05382286,Austria
NCT05382286,Belgium
NCT05382286,Brazil
NCT05382286,Canada
NCT05382286,Chile
NCT05382286,Czechia
NCT05382286,France
NCT05382286,Germany
NCT05382286,Hong Kong
NCT05382286,Hungary
NCT05382286,Israel
NCT05382286,Italy
NCT05382286,Japan
NCT05382286,Malaysia
NCT05382286,Mexico
NCT05382286,Netherlands
NCT05382286,Poland
NCT05382286,Puerto Rico
NCT05382286,South Africa
NCT05382286,South Korea
NCT05382286,Spain
NCT05382286,Switzerland
NCT05382286,Taiwan
NCT05382286,Turkey (Türkiye)
NCT05382286,United Kingdom
NCT05382286,United States
NCT01748448,Belgium
NCT01748448,Hungary
NCT05563220,Argentina
NCT05563220,Australia
NCT05563220,Belgium
NCT05563220,Brazil
NCT05563220,France
NCT05563220,Israel
NCT05563220,Italy
NCT05563220,Luxembourg
NCT05563220,South Korea
NCT05563220,Spain
NCT05563220,Turkey (Türkiye)
NCT05563220,United Kingdom
NCT05563220,United States
NCT07509151,Australia
NCT07509151,Canada
NCT07509151,Turkey (Türkiye)
NCT07509151,United Kingdom
NCT06855589,Canada
NCT05941741,China
NCT07397338,United States
NCT03588091,China
NCT06737822,India
NCT07052214,Australia
NCT07052214,United States
NCT07371585,France
NCT07371585,Germany
NCT07371585,Spain
NCT02442375,Netherlands
NCT06246149,Belgium
NCT06246149,France
NCT06246149,Germany
NCT06246149,Netherlands
NCT06246149,Poland
NCT06246149,Spain
NCT06246149,Sweden
NCT06246149,United Kingdom
NCT06246149,United States
NCT05973773,Belgium
NCT05973773,Brazil
NCT05973773,Bulgaria
NCT05973773,Canada
NCT05973773,Chile
NCT05973773,France
NCT05973773,Germany
NCT05973773,Greece
NCT05973773,Israel
NCT05973773,Italy
NCT05973773,Japan
NCT05973773,Mexico
NCT05973773,Netherlands
NCT05973773,Philippines
NCT05973773,Poland
NCT05973773,Romania
NCT05973773,Singapore
NCT05973773,South Korea
NCT05973773,Spain
NCT05973773,Thailand
NCT05973773,Turkey (Türkiye)
NCT05973773,United Kingdom
NCT05973773,United States
NCT07192588,France
NCT07192588,United Kingdom
NCT05706129,Australia
NCT05706129,France
NCT04567615,Argentina
NCT04567615,Brazil
NCT04567615,Chile
NCT04567615,China
NCT04567615,Czechia
NCT04567615,France
NCT04567615,Hong Kong
NCT04567615,Japan
NCT04567615,Mexico
NCT04567615,New Zealand
NCT04567615,Poland
NCT04567615,Romania
NCT04567615,Singapore
NCT04567615,South Korea
NCT04567615,Spain
NCT04567615,Taiwan
NCT04567615,Turkey (Türkiye)
NCT07371663,China
NCT07174583,United States
NCT06006117,Belgium
NCT06006117,France
NCT06006117,Germany
NCT06006117,Italy
NCT06006117,Portugal
NCT03646123,Australia
NCT03646123,Czechia
NCT03646123,Italy
NCT03646123,Poland
NCT03646123,Spain
NCT03646123,United States
NCT04472598,Australia
NCT04472598,Austria
NCT04472598,Belgium
NCT04472598,Bulgaria
NCT04472598,Canada
NCT04472598,Croatia
NCT04472598,France
NCT04472598,Germany
NCT04472598,Greece
NCT04472598,Israel
NCT04472598,Italy
NCT04472598,Japan
NCT04472598,Netherlands
NCT04472598,New Zealand
NCT04472598,Russia
NCT04472598,Serbia
NCT04472598,South Africa
NCT04472598,South Korea
NCT04472598,Spain
NCT04472598,Sweden
NCT04472598,Taiwan
NCT04472598,Turkey (Türkiye)
NCT04472598,Ukraine
NCT04472598,United Kingdom
NCT04472598,United States
NCT02912949,Austria
NCT02912949,Belgium
NCT02912949,Canada
NCT02912949,Denmark
NCT02912949,France
NCT02912949,Germany
NCT02912949,Israel
NCT02912949,Italy
NCT02912949,Japan
NCT02912949,Netherlands
NCT02912949,Norway
NCT02912949,Singapore
NCT02912949,South Korea
NCT02912949,Spain
NCT02912949,Sweden
NCT02912949,Taiwan
NCT02912949,United Kingdom
NCT02912949,United States
NCT05268614,United States
NCT04502030,Czechia
NCT04502030,Denmark
NCT04502030,Germany
NCT04502030,Greece
NCT04502030,Hungary
NCT04502030,Israel
NCT04502030,Italy
NCT04502030,Poland
NCT04502030,Russia
NCT04502030,Spain
NCT04502030,Turkey (Türkiye)
NCT04502030,United States
NCT07325136,China
NCT07325136,Italy
NCT07325136,Japan
NCT07325136,Romania
NCT07325136,Spain
NCT07325136,United States
NCT05726786,Switzerland
NCT05732103,United States
NCT02308527,Austria
NCT02308527,Belgium
NCT02308527,Denmark
NCT02308527,France
NCT02308527,Ireland
NCT02308527,Italy
NCT02308527,Netherlands
NCT02308527,Spain
NCT02308527,Switzerland
NCT02308527,United Kingdom
NCT05169970,United States
NCT06014255,United States
NCT06521866,China
NCT06728579,United States
NCT05215106,France
NCT05853575,Brazil
NCT05853575,Croatia
NCT05853575,France
NCT05853575,Greece
NCT05853575,Israel
NCT05853575,Italy
NCT05853575,Japan
NCT05853575,Mexico
NCT05853575,Netherlands
NCT05853575,Poland
NCT05853575,Romania
NCT05853575,Serbia
NCT05853575,South Korea
NCT05853575,Spain
NCT05853575,Taiwan
NCT05853575,Thailand
NCT05853575,Turkey (Türkiye)
NCT05853575,United States
NCT06023862,Australia
NCT06023862,Hong Kong
NCT06023862,Japan
NCT06023862,Singapore
NCT06023862,South Korea
NCT06023862,Taiwan
NCT06023862,United Kingdom
NCT07291076,Australia
NCT07291076,Chile
NCT07291076,China
NCT07291076,France
NCT07291076,Germany
NCT07291076,Italy
NCT07291076,Japan
NCT07291076,Poland
NCT07291076,Singapore
NCT07291076,South Korea
NCT07291076,Spain
NCT07291076,Taiwan
NCT07291076,United Kingdom
NCT07291076,United States
NCT07460375,Canada
NCT07460375,South Korea
NCT07460375,United States
NCT04799054,Australia
NCT04799054,Netherlands
NCT04799054,South Korea
NCT04799054,Spain
NCT04799054,Taiwan
NCT04799054,United States
NCT03836209,United States
NCT00807027,South Korea
NCT07644559,Australia
NCT07644559,United States
NCT04278144,France
NCT04278144,South Korea
NCT04278144,Spain
NCT04278144,United States
NCT06425133,France
NCT01715441,France
NCT03997968,United States
NCT05506943,United States
NCT05327894,Argentina
NCT05327894,Australia
NCT05327894,Austria
NCT05327894,Belgium
NCT05327894,Czechia
NCT05327894,Denmark
NCT05327894,Finland
NCT05327894,France
NCT05327894,Germany
NCT05327894,Greece
NCT05327894,Hungary
NCT05327894,Ireland
NCT05327894,Israel
NCT05327894,Italy
NCT05327894,Japan
NCT05327894,Lithuania
NCT05327894,Netherlands
NCT05327894,New Zealand
NCT05327894,Norway
NCT05327894,Portugal
NCT05327894,Saudi Arabia
NCT05327894,Slovakia
NCT05327894,Spain
NCT05327894,Sweden
NCT07539311,Japan
NCT07539311,United States
NCT05439005,France
NCT05726864,United States
NCT04892342,China
NCT05351294,United States
NCT07439653,United States
NCT02807558,France
NCT02807558,United States
NCT06235203,China
NCT07622186,China
NCT04935684,France
NCT07145255,United States
NCT03744468,Australia
NCT03744468,France
NCT03744468,Italy
NCT03744468,South Korea
NCT03744468,Spain
NCT03744468,United States
NCT03729596,Australia
NCT03729596,Poland
NCT03729596,Spain
NCT03729596,United States
NCT06856837,Austria
NCT06856837,Germany
NCT06137378,Germany
NCT05741242,United States
NCT03434678,United States
NCT05099003,Australia
NCT05099003,Canada
NCT05099003,New Zealand
NCT05099003,United States
NCT03504488,Greece
NCT03504488,Hong Kong
NCT03504488,Poland
NCT03504488,Spain
NCT03504488,Taiwan
NCT03504488,United States
NCT07421700,Australia
NCT07421700,China
NCT07421700,Japan
NCT07421700,Puerto Rico
NCT07421700,Spain
NCT07421700,United States
NCT05183035,Australia
NCT05183035,Austria
NCT05183035,Belgium
NCT05183035,Canada
NCT05183035,Czechia
NCT05183035,Denmark
NCT05183035,Finland
NCT05183035,France
NCT05183035,Germany
NCT05183035,Israel
NCT05183035,Italy
NCT05183035,Japan
NCT05183035,Netherlands
NCT05183035,New Zealand
NCT05183035,Norway
NCT05183035,Portugal
NCT05183035,Spain
NCT05183035,Sweden
NCT05183035,Switzerland
NCT05183035,United States
NCT07601204,China
NCT03565003,China
NCT02406222,United Kingdom
NCT02678780,Austria
NCT02678780,Italy
NCT02678780,Spain
NCT02678780,United Kingdom
NCT04796623,China
NCT06840704,China
NCT02001272,Canada
NCT02001272,Denmark
NCT02001272,Finland
NCT02001272,France
NCT02001272,Italy
NCT02001272,Sweden
NCT07733830,China
NCT06764940,United States
NCT06630234,United States
NCT02240238,Bulgaria
NCT02240238,Italy
NCT02240238,Poland
NCT02240238,Romania
NCT02240238,United States
NCT07407933,Belgium
NCT07407933,Italy
NCT07407933,Poland
NCT07407933,Romania
NCT07407933,Spain
NCT07407933,United Kingdom
NCT07407933,United States
NCT04004221,China
NCT04004221,South Korea
NCT05523323,China
NCT06682988,Australia
NCT06682988,Belgium
NCT06682988,France
NCT06682988,Poland
NCT06682988,South Korea
NCT06682988,Spain
NCT06682988,United Kingdom
NCT06682988,United States
NCT05765500,United States
NCT04607850,Belgium
NCT04607850,Estonia
NCT04607850,United Kingdom
NCT07130903,United States
NCT04249362,France
NCT04249362,Italy
NCT04249362,Poland
NCT04249362,Russia
NCT04249362,Spain
NCT04249362,United States
NCT06431490,China
NCT05751434,United States
NCT05479994,China
NCT06665100,United States
NCT06520163,China
NCT04440982,United States
NCT04844073,Australia
NCT04844073,South Korea
NCT04844073,United Kingdom
NCT04844073,United States
NCT05420220,China
NCT05957367,Denmark
NCT05957367,France
NCT05957367,Germany
NCT05957367,Italy
NCT05957367,Netherlands
NCT05957367,Portugal
NCT05957367,Spain
NCT05957367,Switzerland
NCT05957367,United States
NCT01873326,United States
NCT05184842,United States
NCT03948074,Canada
NCT06922383,Germany
NCT06336291,United States
NCT02234050,Austria
NCT02234050,Belgium
NCT02234050,France
NCT02234050,Germany
NCT02234050,Italy
NCT02234050,Netherlands
NCT02234050,Norway
NCT02234050,Spain
NCT02234050,Switzerland
NCT02234050,United Kingdom
NCT04385368,Argentina
NCT04385368,Australia
NCT04385368,Belgium
NCT04385368,Brazil
NCT04385368,Bulgaria
NCT04385368,Canada
NCT04385368,Czechia
NCT04385368,Denmark
NCT04385368,France
NCT04385368,Germany
NCT04385368,Greece
NCT04385368,Hong Kong
NCT04385368,Hungary
NCT04385368,India
NCT04385368,Israel
NCT04385368,Italy
NCT04385368,Japan
NCT04385368,Mexico
NCT04385368,Netherlands
NCT04385368,Peru
NCT04385368,Poland
NCT04385368,Romania
NCT04385368,Russia
NCT04385368,Singapore
NCT04385368,South Korea
NCT04385368,Spain
NCT04385368,Sweden
NCT04385368,Switzerland
NCT04385368,Taiwan
NCT04385368,Thailand
NCT04385368,Turkey (Türkiye)
NCT04385368,United States
NCT04385368,Vietnam
NCT05500391,France
NCT04466891,Canada
NCT04466891,Chile
NCT04466891,China
NCT04466891,France
NCT04466891,Italy
NCT04466891,South Korea
NCT04466891,Spain
NCT04466891,United Kingdom
NCT04466891,United States
NCT01639508,United States
NCT04795427,China
NCT06680596,France
NCT05363280,Spain
NCT05363280,United States
NCT03753919,Spain
NCT05199753,Australia
NCT04768296,Belgium
NCT04768296,China
NCT04768296,France
NCT04768296,Italy
NCT04768296,Japan
NCT04768296,Spain
NCT04768296,United States
NCT04996004,United States
NCT05983367,Belgium
NCT05983367,France
NCT05983367,Spain
NCT05710848,United States
NCT04203160,United States
NCT05358249,Belgium
NCT05358249,France
NCT05358249,Germany
NCT05358249,Italy
NCT05358249,Singapore
NCT05358249,South Korea
NCT05358249,Spain
NCT05358249,United States
NCT03008187,Italy
NCT03008187,Poland
NCT03008187,Spain
NCT03008187,United States
NCT07243470,France
NCT05077800,United States
NCT06845241,China
NCT04462276,Austria
NCT04462276,Germany
NCT05457556,Australia
NCT05457556,Canada
NCT05457556,United States
NCT05467748,United States
NCT04981509,United States
NCT01745640,France
NCT05269316,Australia
NCT05269316,China
NCT05269316,Taiwan
NCT05269316,United States
NCT06486051,New Zealand
NCT02288962,Norway
NCT02288962,Sweden
NCT05061420,Argentina
NCT05061420,Canada
NCT05061420,Chile
NCT05061420,France
NCT05061420,Germany
NCT05061420,Italy
NCT05061420,Netherlands
NCT05061420,South Korea
NCT05061420,Spain
NCT05061420,Taiwan
NCT05061420,United States
NCT03113422,United States
NCT04172246,Japan
NCT03783078,Australia
NCT03783078,Canada
NCT03783078,France
NCT03783078,Italy
NCT03783078,New Zealand
NCT03783078,Spain
NCT03783078,Sweden
NCT03783078,United States
NCT03432598,China
NCT07433283,China
NCT07332455,Australia
NCT07332455,Canada
NCT07332455,Japan
NCT07332455,South Korea
NCT07332455,United States
NCT06668103,China
NCT03087708,United States
NCT04659603,Argentina
NCT04659603,Chile
NCT04659603,Hungary
NCT04659603,Netherlands
NCT04659603,Russia
NCT04659603,South Korea
NCT04659603,Spain
NCT04659603,Taiwan
NCT04659603,Turkey (Türkiye)
NCT04659603,United States
NCT07018752,France
NCT05194995,China
NCT07158489,Switzerland
NCT05658562,Japan
NCT05534438,United States
NCT06332092,United States
NCT03487666,United States
NCT06690840,Italy
NCT07414992,United States
NCT05502367,Australia
NCT05502367,Peru
NCT05502367,South Africa
NCT05912244,United States
NCT05751798,Belgium
NCT05751798,France
NCT05751798,Spain
NCT03145064,China
NCT07359859,United States
NCT05708950,United States
NCT04875806,United States
NCT06698250,United States
NCT07231952,United States
NCT05032820,United States
NCT07468071,Belgium
NCT07468071,Canada
NCT07468071,China
NCT07468071,Japan
NCT07468071,Malaysia
NCT07468071,South Korea
NCT05213884,China
NCT04433182,Italy
NCT05564052,Brazil
NCT05564052,Czechia
NCT05564052,Greece
NCT05564052,India
NCT05564052,Malaysia
NCT05564052,Poland
NCT05564052,Puerto Rico
NCT05564052,Romania
NCT05564052,Spain
NCT05564052,Sweden
NCT05564052,Taiwan
NCT05564052,Thailand
NCT05564052,Turkey (Türkiye)
NCT04260698,United States
NCT05691465,United States
NCT05413018,China
NCT06809530,China
NCT06786312,China
NCT06722183,Germany
NCT05635734,Spain
NCT06059547,Italy
NCT06096779,Puerto Rico
NCT06096779,United States
NCT05879653,Japan
NCT06634849,Australia
NCT04586244,France
NCT04586244,Italy
NCT04586244,United States
NCT06773208,United States
NCT05997017,United States
NCT03255252,France
NCT06048718,Austria
NCT06048718,Spain
